study,round,site_name,trap_name,habitat_type,trap_num,latitude,longitude,date_set,time_set,date_pulled,time_pulled,species_name,species_code,total_length,notes
Pilot,NA,WP19R,WP19RT,canal,1,37.2098,-120.817535,3/16/2022,14:20,3/17/2022,14:07,Large Scale Loach,LSL,70,
Pilot,NA,A7R,A7RT,canal,1,37.221,-120.797303,3/21/2022,14:30,3/22/2022,13:45,Large Scale Loach,LSL,78,
Pilot,NA,A7R,A7RT,canal,1,37.221,-120.797303,3/21/2022,14:30,3/22/2022,13:45,Large Scale Loach,LSL,71,
Pilot,NA,A14R,A14RT,canal,1,37.21292,-120.784661,3/22/2022,13:32,3/23/2022,11:51,Large Scale Loach,LSL,140,
Pilot,NA,G1R,G1RT,canal,1,37.21806,-120.821627,3/24/2022,10:04,3/25/2022,9:39,Large Scale Loach,LSL,68,
Pilot,NA,L19R,L19RT,canal,1,37.20315,-120.770109,3/29/2022,8:10,3/30/2022,10:40,Large Scale Loach,LSL,74,
Pilot,NA,L19R,L19RT,canal,1,37.20315,-120.770109,3/29/2022,8:10,3/30/2022,10:40,Large Scale Loach,LSL,68,
Pilot,NA,L21R,L21RT,canal,1,37.22047,-120.798898,3/29/2022,12:21,3/30/2022,11:20,Large Scale Loach,LSL,76,
Pilot,NA,L21R,L21RT,canal,1,37.22047,-120.7989,3/29/2022,12:21,3/30/2022,11:20,Large Scale Loach,LSL,88,
Pilot,NA,L21R,L21RT,canal,1,37.22047,-120.7989,3/29/2022,12:21,3/30/2022,11:20,Large Scale Loach,LSL,68,
Pilot,NA,L32R,L32RT,canal,1,37.23028,-120.814525,3/29/2022,14:41,3/30/2022,12:32,Large Scale Loach,LSL,73,
Pilot,NA,L27R,L27RT,canal,1,37.21784,-120.806358,3/30/2022,11:45,3/31/2022,10:01,Fine Scale Loach,FSL,74,
Pilot,NA,L27R,L27RT,canal,1,37.21784,-120.806358,3/30/2022,11:45,3/31/2022,10:01,Large Scale Loach,LSL,89,
Pilot,NA,L27R,L27RT,canal,1,37.21784,-120.806358,3/30/2022,11:45,3/31/2022,10:01,Large Scale Loach,LSL,83,
Pilot,NA,WP25R,WP25RT,canal,1,37.21437,-120.789208,3/31/2022,9:46,4/1/2022,9:04,Large Scale Loach,LSL,78,
Pilot,NA,WP25R,WP25RT,canal,1,37.21437,-120.789208,3/31/2022,9:46,4/1/2022,9:04,Large Scale Loach,LSL,85,
Pilot,NA,WP25R,WP25RT,canal,1,37.21437,-120.789208,3/31/2022,9:46,4/1/2022,9:04,Large Scale Loach,LSL,87,
Pilot,NA,WP25R,WP25RT,canal,1,37.21437,-120.789208,3/31/2022,9:46,4/1/2022,9:04,Large Scale Loach,LSL,68,
Main,1,37R,37RT1,canal,1,37.20892,-120.78094,3/18/2023,13:53,3/19/2023,14:29,Loach,LCH,70,
Main,1,37R,37RT2,canal,2,37.20881,-120.7807,3/18/2023,14:04,3/19/2023,14:13,Loach,LCH,84,
Main,1,37R,37RT9,canal,9,37.20753,-120.7794,3/18/2023,14:37,3/19/2023,15:05,Loach,LCH,74,
Main,1,37R,37RT10,canal,10,37.20734,-120.77922,3/18/2023,14:42,3/19/2023,15:06,Loach,LCH,90,
Main,1,21R,21RT5,canal,5,37.2151,-120.78655,3/19/2023,10:12,3/20/2023,10:16,Loach,LCH,85,
Main,1,21R,21RT6,canal,6,37.2149,-120.78637,3/19/2023,10:13,3/20/2023,10:17,Loach,LCH,110,
Main,1,77R,77RT1,canal,1,37.21506,-120.78632,3/19/2023,11:07,3/20/2023,11:07,Loach,LCH,90,
Main,1,77R,77RT2,canal,2,37.21485,-120.78617,3/19/2023,11:10,3/20/2023,11:10,Loach,LCH,90,
Main,1,77R,77RT2,canal,2,37.21485,-120.78617,3/19/2023,11:10,3/20/2023,11:10,Loach,LCH,115,
Main,1,77R,77RT2,canal,2,37.21485,-120.78617,3/19/2023,11:10,3/20/2023,11:10,Loach,LCH,103,
Main,1,77R,77RT5,canal,5,37.21428,-120.78568,3/19/2023,11:16,3/20/2023,11:15,Loach,LCH,100,
Main,1,77R,77RT8,canal,8,37.21371,-120.78522,3/19/2023,11:21,3/20/2023,11:22,Loach,LCH,107,
Main,1,77R,77RT10,canal,10,37.21332,-120.78488,3/19/2023,11:23,3/20/2023,11:25,Loach,LCH,101,
Main,1,31R,31RT1,canal,1,37.21204,-120.78377,3/19/2023,12:16,3/20/2023,12:18,Loach,LCH,100,
Main,1,31R,31RT2,canal,2,37.21174,-120.78361,3/19/2023,12:20,3/20/2023,12:19,Loach,LCH,89,
Main,1,31R,31RT2,canal,2,37.21174,-120.78361,3/19/2023,12:20,3/20/2023,12:19,Loach,LCH,95,
Main,1,31R,31RT3,canal,3,37.21157,-120.78345,3/19/2023,12:23,3/20/2023,12:20,Loach,LCH,101,
Main,1,31R,31RT5,canal,5,37.21115,-120.78309,3/19/2023,12:30,3/20/2023,12:25,Loach,LCH,86,
Main,1,31R,31RT6,canal,6,37.21103,-120.78291,3/19/2023,12:37,3/20/2023,12:26,Loach,LCH,93,
Main,1,31R,31RT7,canal,7,37.21082,-120.78278,3/19/2023,12:40,3/20/2023,12:30,Loach,LCH,103,
Main,1,31R,31RT9,canal,9,37.21044,-120.78235,3/19/2023,12:47,3/20/2023,12:33,Loach,LCH,81,
Main,1,10R,10RT8,canal,8,37.20552,-120.77413,3/19/2023,13:59,3/20/2023,14:07,Loach,LCH,97,
Main,1,40R,40RT2,canal,2,37.2074,-120.77928,3/19/2023,16:44,3/20/2023,16:45,Loach,LCH,80,
Main,1,40R,40RT4,canal,4,37.207,-120.77892,3/19/2023,16:53,3/20/2023,16:49,Loach,LCH,100,
Main,1,40R,40RT4,canal,4,37.207,-120.77892,3/19/2023,16:53,3/20/2023,16:49,Loach,LCH,93,
Main,1,40R,40RT6,canal,6,37.20661,-120.77854,3/19/2023,17:00,3/20/2023,16:51,Loach,LCH,107,
Main,1,40R,40RT6,canal,6,37.20661,-120.77854,3/19/2023,17:00,3/20/2023,16:51,Loach,LCH,78,
Main,1,40R,40RT7,canal,7,37.20647,-120.77833,3/19/2023,17:02,3/20/2023,16:54,Loach,LCH,86,
Main,1,40R,40RT10,canal,10,37.20622,-120.77737,3/19/2023,17:08,3/20/2023,17:02,Loach,LCH,97,
Main,1,30R,30RT2,canal,2,37.2191,-120.80295,3/20/2023,9:26,3/21/2023,9:24,Loach,LCH,104,
Main,1,30R,30RT6,canal,6,37.21932,-120.80173,3/20/2023,9:35,3/21/2023,9:28,Loach,LCH,155,
Main,1,30R,30RT10,canal,10,37.21979,-120.80066,3/20/2023,9:50,3/21/2023,9:32,Loach,LCH,93,
Main,1,86R,86RT2,canal,2,37.21025,-120.78209,3/20/2023,13:13,3/21/2023,14:31,Loach,LCH,95,
Main,1,86R,86RT2,canal,2,37.21025,-120.78209,3/20/2023,13:13,3/21/2023,14:31,Loach,LCH,88,
Main,1,86R,86RT4,canal,4,37.20988,-120.78172,3/20/2023,13:19,3/21/2023,14:34,Loach,LCH,88,
Main,1,86R,86RT5,canal,5,37.2097,-120.78154,3/20/2023,13:28,3/21/2023,14:38,Loach,LCH,101,
Main,1,86R,86RT7,canal,7,37.20935,-120.78118,3/20/2023,13:32,3/21/2023,14:41,Loach,LCH,92,
Main,1,86R,86RT8,canal,8,37.20917,-120.781,3/20/2023,13:34,3/21/2023,14:42,Loach,LCH,110,
Main,1,86R,86RT8,canal,8,37.20917,-120.781,3/20/2023,13:34,3/21/2023,14:42,Loach,LCH,103,
Main,1,22R,22RT4,canal,4,37.20278,-120.76964,3/20/2023,15:19,3/21/2023,15:50,Loach,LCH,84,
Main,1,15R,15RT8,canal,8,37.19702,-120.7673,3/20/2023,16:20,3/21/2023,16:20,Loach,LCH,79,
Main,1,14R,14RT1,canal,1,37.26173,-120.83367,3/21/2023,8:24,3/22/2023,9:05,Loach,LCH,90,
Main,1,14R,14RT10,canal,10,37.25998,-120.83185,3/21/2023,8:49,3/22/2023,9:29,Loach,LCH,73,
Main,1,14R,14RT10,canal,10,37.25998,-120.83185,3/21/2023,8:49,3/22/2023,9:29,Loach,LCH,90,
Main,1,66R,66RT4,canal,4,37.23885,-120.82068,3/21/2023,13:34,3/22/2023,11:11,Loach,LCH,91,
Main,2,121R,121RT2,canal,2,37.19524,-120.76543,4/29/2023,10:27,4/30/2023,10:29,Loach,LCH,118,
Main,2,121R,121RT2,canal,2,37.19524,-120.76543,4/29/2023,10:27,4/30/2023,10:29,Loach,LCH,94,
Main,2,121R,121RT2,canal,2,37.19524,-120.76543,4/29/2023,10:27,4/30/2023,10:29,Loach,LCH,96,
Main,2,121R,121RT3,canal,3,37.19511,-120.76527,4/29/2023,10:29,4/30/2023,10:47,Loach,LCH,97,
Main,2,121R,121RT3,canal,3,37.19511,-120.76527,4/29/2023,10:29,4/30/2023,10:47,Loach,LCH,102,
Main,2,121R,121RT4,canal,4,37.19493,-120.76506,4/29/2023,10:38,4/30/2023,10:48,Loach,LCH,107,
Main,2,121R,121RT4,canal,4,37.19493,-120.76506,4/29/2023,10:38,4/30/2023,10:48,Loach,LCH,93,
Main,2,121R,121RT4,canal,4,37.19493,-120.76506,4/29/2023,10:38,4/30/2023,10:48,Loach,LCH,89,
Main,2,121R,121RT6,canal,6,37.19457,-120.76469,4/29/2023,10:42,4/30/2023,11:06,Loach,LCH,109,
Main,2,121R,121RT9,canal,9,37.19408,-120.76411,4/29/2023,10:58,4/30/2023,11:20,Loach,LCH,125,
Main,2,121R,121RT9,canal,9,37.19408,-120.76411,4/29/2023,10:58,4/30/2023,11:20,Loach,LCH,94,
Main,2,121R,121RT9,canal,9,37.19408,-120.76411,4/29/2023,10:58,4/30/2023,11:20,Loach,LCH,91,
Main,2,121R,121RT10,canal,10,37.19388,-120.76395,4/29/2023,11:01,4/30/2023,11:24,Loach,LCH,107,
Main,2,121R,121RT10,canal,10,37.19388,-120.76395,4/29/2023,11:01,4/30/2023,11:24,Loach,LCH,79,
Main,2,145R,145RT2,canal,2,37.20213,-120.76884,4/29/2023,12:12,4/30/2023,12:15,Loach,LCH,99,
Main,2,145R,145RT2,canal,2,37.20213,-120.76884,4/29/2023,12:12,4/30/2023,12:15,Loach,LCH,90,
Main,2,145R,145RT3,canal,3,37.20194,-120.76867,4/29/2023,12:14,4/30/2023,12:26,Loach,LCH,112,
Main,2,145R,145RT3,canal,3,37.20194,-120.76867,4/29/2023,12:14,4/30/2023,12:26,Loach,LCH,118,
Main,2,145R,145RT4,canal,4,37.20175,-120.76855,4/29/2023,12:17,4/30/2023,12:28,Loach,LCH,104,
Main,2,145R,145RT4,canal,4,37.20175,-120.76855,4/29/2023,12:17,4/30/2023,12:28,Loach,LCH,111,
Main,2,145R,145RT4,canal,4,37.20175,-120.76855,4/29/2023,12:17,4/30/2023,12:28,Loach,LCH,102,
Main,2,145R,145RT4,canal,4,37.20175,-120.76855,4/29/2023,12:17,4/30/2023,12:28,Loach,LCH,71,
Main,2,145R,145RT4,canal,4,37.20175,-120.76855,4/29/2023,12:17,4/30/2023,12:28,Loach,LCH,113,
Main,2,145R,145RT9,canal,9,37.2006,-120.76869,4/29/2023,12:29,4/30/2023,12:59,Loach,LCH,92,
Main,2,105R,105RT6,canal,6,37.21047,-120.78237,4/29/2023,13:49,4/30/2023,13:42,Loach,LCH,111,
Main,2,105R,105RT6,canal,6,37.21047,-120.78237,4/29/2023,13:49,4/30/2023,13:42,Loach,LCH,120,
Main,2,105R,105RT6,canal,6,37.21047,-120.78237,4/29/2023,13:49,4/30/2023,13:42,Loach,LCH,69,
Main,2,105R,105RT9,canal,9,37.20993,-120.78182,4/29/2023,13:56,4/30/2023,14:00,Loach,LCH,98,
Main,2,105R,105RT9,canal,9,37.20993,-120.78182,4/29/2023,13:56,4/30/2023,14:00,Loach,LCH,105,
Main,2,105R,105RT9,canal,9,37.20993,-120.78182,4/29/2023,13:56,4/30/2023,14:00,Loach,LCH,119,
Main,2,139R,139RT1,canal,1,37.19815,-120.76846,4/30/2023,9:55,5/1/2023,10:31,Loach,LCH,114,
Main,2,139R,139RT1,canal,1,37.19815,-120.76846,4/30/2023,9:55,5/1/2023,10:31,Loach,LCH,116,
Main,2,139R,139RT2,canal,2,37.19796,-120.7683,4/30/2023,9:57,5/1/2023,10:33,Loach,LCH,111,
Main,2,139R,139RT2,canal,2,37.19796,-120.7683,4/30/2023,9:57,5/1/2023,10:33,Loach,LCH,109,
Main,2,139R,139RT2,canal,2,37.19796,-120.7683,4/30/2023,9:57,5/1/2023,10:33,Loach,LCH,91,
Main,2,139R,139RT2,canal,2,37.19796,-120.7683,4/30/2023,9:57,5/1/2023,10:33,Loach,LCH,106,
Main,2,139R,139RT2,canal,2,37.19796,-120.7683,4/30/2023,9:57,5/1/2023,10:33,Loach,LCH,115,
Main,2,139R,139RT2,canal,2,37.19796,-120.7683,4/30/2023,9:57,5/1/2023,10:33,Loach,LCH,107,
Main,2,139R,139RT2,canal,2,37.19796,-120.7683,4/30/2023,9:57,5/1/2023,10:33,Loach,LCH,98,
Main,2,139R,139RT3,canal,3,37.19781,-120.76812,4/30/2023,9:58,5/1/2023,10:51,Loach,LCH,116,
Main,2,139R,139RT6,canal,6,37.19723,-120.76753,4/30/2023,10:04,5/1/2023,10:57,Loach,LCH,119,
Main,2,139R,139RT6,canal,6,37.19723,-120.76753,4/30/2023,10:04,5/1/2023,10:57,Loach,LCH,120,
Main,2,139R,139RT7,canal,7,37.19703,-120.76733,4/30/2023,10:06,5/1/2023,11:01,Loach,LCH,109,
Main,2,139R,139RT9,canal,9,37.19667,-120.76694,4/30/2023,10:09,5/1/2023,11:13,Loach,LCH,113,
Main,2,139R,139RT9,canal,9,37.19667,-120.76694,4/30/2023,10:09,5/1/2023,11:13,Loach,LCH,113,
Main,2,139R,139RT9,canal,9,37.19667,-120.76694,4/30/2023,10:09,5/1/2023,11:13,Loach,LCH,111,
Main,2,139R,139RT9,canal,9,37.19667,-120.76694,4/30/2023,10:09,5/1/2023,11:13,Loach,LCH,83,
Main,2,139R,139RT10,canal,10,37.19651,-120.76674,4/30/2023,10:10,5/1/2023,11:14,Loach,LCH,103,
Main,2,139R,139RT10,canal,10,37.19651,-120.76674,4/30/2023,10:10,5/1/2023,11:14,Loach,LCH,116,
Main,2,139R,139RT10,canal,10,37.19651,-120.76674,4/30/2023,10:10,5/1/2023,11:14,Loach,LCH,104,
Main,2,139R,139RT10,canal,10,37.19651,-120.76674,4/30/2023,10:10,5/1/2023,11:14,Loach,LCH,117,
Main,2,104R,104RT1,canal,1,37.2199,-120.80036,4/30/2023,15:02,5/1/2023,15:23,Loach,LCH,129,
Main,2,104R,104RT2,canal,2,37.22003,-120.80011,4/30/2023,15:03,5/1/2023,15:24,Loach,LCH,138,
Main,2,104R,104RT4,canal,4,37.22025,-120.79958,4/30/2023,15:07,5/1/2023,15:33,Loach,LCH,128,
Main,2,104R,104RT4,canal,4,37.22025,-120.79958,4/30/2023,15:07,5/1/2023,15:33,Loach,LCH,123,
Main,2,104R,104RT5,canal,5,37.22036,-120.79931,4/30/2023,15:14,5/1/2023,15:34,Loach,LCH,113,
Main,2,104R,104RT6,canal,6,37.22044,-120.79905,4/30/2023,15:16,5/1/2023,15:47,Loach,LCH,120,
Main,2,104R,104RT6,canal,6,37.22044,-120.79905,4/30/2023,15:16,5/1/2023,15:47,Loach,LCH,130,
Main,2,104R,104RT7,canal,7,37.22056,-120.79877,4/30/2023,15:20,5/1/2023,15:48,Loach,LCH,131,
Main,2,104R,104RT7,canal,7,37.22056,-120.79877,4/30/2023,15:20,5/1/2023,15:48,Loach,LCH,121,
Main,2,104R,104RT7,canal,7,37.22056,-120.79877,4/30/2023,15:20,5/1/2023,15:48,Loach,LCH,127,
Main,2,104R,104RT8,canal,8,37.22068,-120.79853,4/30/2023,15:22,5/1/2023,16:04,Loach,LCH,123,
Main,2,183R,183RT1,canal,1,37.2635,-120.84127,5/1/2023,12:59,5/2/2023,13:23,Loach,LCH,123,
Main,2,183R,183RT5,canal,5,37.2635,-120.84009,5/1/2023,13:08,5/2/2023,13:40,Loach,LCH,127,
Main,2,109R,109RT4,canal,4,37.20608,-120.77679,5/2/2023,8:52,5/3/2023,8:44,Loach,LCH,110,
Main,2,200R,200RT9,canal,9,37.25455,-120.82562,5/2/2023,13:00,5/3/2023,12:02,Loach,LCH,126,
Main,3,221R,221RT1,canal,1,37.2687,-120.84258,5/13/2023,11:57,5/14/2023,12:06,Loach,LCH,126,
Main,3,221R,221RT1,canal,1,37.2687,-120.84258,5/13/2023,11:57,5/14/2023,12:06,Loach,LCH,136,
Main,3,221R,221RT1,canal,1,37.2687,-120.84258,5/13/2023,11:57,5/14/2023,12:06,Loach,LCH,138,
Main,3,221R,221RT2,canal,2,37.26842,-120.84257,5/13/2023,12:00,5/14/2023,12:27,Loach,LCH,145,
Main,3,273R,273RT1,canal,1,37.26347,-120.83691,5/13/2023,12:55,5/14/2023,13:04,Loach,LCH,133,
Main,3,273R,273RT6,canal,6,37.26316,-120.83529,5/13/2023,13:03,5/14/2023,13:25,Loach,LCH,150,
Main,3,273R,273RT7,canal,7,37.26294,-120.83505,5/13/2023,13:04,5/14/2023,13:32,Loach,LCH,131,
Main,3,282R,282RT3,canal,3,37.26013,-120.83205,5/13/2023,13:30,5/14/2023,14:04,Loach,LCH,125,
Main,3,282R,282RT4,canal,4,37.25992,-120.83186,5/13/2023,13:31,5/14/2023,14:08,Loach,LCH,126,
Main,3,282R,282RT5,canal,5,37.25971,-120.83166,5/13/2023,13:34,5/14/2023,14:21,Loach,LCH,136,
Main,3,282R,282RT7,canal,7,37.25932,-120.83129,5/13/2023,13:39,5/14/2023,14:28,Loach,LCH,114,
Main,3,260R,260RT6,canal,6,37.24745,-120.82327,5/13/2023,14:47,5/14/2023,15:03,Loach,LCH,126,
Main,3,251R,251RT1,canal,1,37.21169,-120.7836,5/14/2023,7:56,5/15/2023,8:00,Loach,LCH,136,
Main,3,251R,251RT2,canal,2,37.21144,-120.78334,5/14/2023,7:59,5/15/2023,8:11,Loach,LCH,129,
Main,3,251R,251RT3,canal,3,37.21114,-120.78308,5/14/2023,8:02,5/15/2023,8:14,Loach,LCH,142,
Main,3,251R,251RT3,canal,3,37.21114,-120.78308,5/14/2023,8:02,5/15/2023,8:14,Loach,LCH,123,
Main,3,251R,251RT3,canal,3,37.21114,-120.78308,5/14/2023,8:02,5/15/2023,8:14,Loach,LCH,137,
Main,3,251R,251RT3,canal,3,37.21114,-120.78308,5/14/2023,8:02,5/15/2023,8:14,Loach,LCH,122,
Main,3,251R,251RT3,canal,3,37.21114,-120.78308,5/14/2023,8:02,5/15/2023,8:14,Loach,LCH,133,
Main,3,251R,251RT3,canal,3,37.21114,-120.78308,5/14/2023,8:02,5/15/2023,8:14,Loach,LCH,127,
Main,3,251R,251RT3,canal,3,37.21114,-120.78308,5/14/2023,8:02,5/15/2023,8:14,Loach,LCH,122,
Main,3,251R,251RT3,canal,3,37.21114,-120.78308,5/14/2023,8:02,5/15/2023,8:14,Loach,LCH,134,
Main,3,251R,251RT5,canal,5,37.21074,-120.78271,5/14/2023,8:09,5/15/2023,8:48,Loach,LCH,118,
Main,3,251R,251RT5,canal,5,37.21074,-120.78271,5/14/2023,8:09,5/15/2023,8:48,Loach,LCH,116,
Main,3,251R,251RT5,canal,5,37.21074,-120.78271,5/14/2023,8:09,5/15/2023,8:48,Loach,LCH,134,
Main,3,251R,251RT5,canal,5,37.21074,-120.78271,5/14/2023,8:09,5/15/2023,8:48,Loach,LCH,131,
Main,3,251R,251RT6,canal,6,37.21057,-120.78253,5/14/2023,8:12,5/15/2023,9:03,Loach,LCH,126,
Main,3,251R,251RT8,canal,8,37.21022,-120.78218,5/14/2023,8:16,5/15/2023,9:24,Loach,LCH,136,
Main,3,251R,251RT9,canal,9,37.21003,-120.78199,5/14/2023,8:19,5/15/2023,9:30,Loach,LCH,135,
Main,3,231R,231RT1,canal,1,37.20832,-120.78022,5/14/2023,8:32,5/15/2023,9:51,Loach,LCH,120,
Main,3,231R,231RT2,canal,2,37.20813,-120.78004,5/14/2023,8:37,5/15/2023,9:59,Loach,LCH,131,
Main,3,231R,231RT2,canal,2,37.20813,-120.78004,5/14/2023,8:37,5/15/2023,9:59,Loach,LCH,142,
Main,3,231R,231RT2,canal,2,37.20813,-120.78004,5/14/2023,8:37,5/15/2023,9:59,Loach,LCH,128,
Main,3,231R,231RT2,canal,2,37.20813,-120.78004,5/14/2023,8:37,5/15/2023,9:59,Loach,LCH,129,
Main,3,231R,231RT3,canal,3,37.20794,-120.77987,5/14/2023,8:40,5/15/2023,10:14,Loach,LCH,145,
Main,3,231R,231RT3,canal,3,37.20794,-120.77987,5/14/2023,8:40,5/15/2023,10:14,Loach,LCH,129,
Main,3,231R,231RT3,canal,3,37.20794,-120.77987,5/14/2023,8:40,5/15/2023,10:14,Loach,LCH,125,
Main,3,231R,231RT3,canal,3,37.20794,-120.77987,5/14/2023,8:40,5/15/2023,10:14,Loach,LCH,114,
Main,3,231R,231RT3,canal,3,37.20794,-120.77987,5/14/2023,8:40,5/15/2023,10:14,Loach,LCH,122,
Main,3,231R,231RT3,canal,3,37.20794,-120.77987,5/14/2023,8:40,5/15/2023,10:14,Loach,LCH,116,
Main,3,231R,231RT4,canal,4,37.20774,-120.77969,5/14/2023,8:43,5/15/2023,10:22,Loach,LCH,131,
Main,3,231R,231RT4,canal,4,37.20774,-120.77969,5/14/2023,8:43,5/15/2023,10:22,Loach,LCH,116,
Main,3,231R,231RT5,canal,5,37.20755,-120.77948,5/14/2023,8:46,5/15/2023,10:23,Loach,LCH,136,
Main,3,231R,231RT5,canal,5,37.20755,-120.77948,5/14/2023,8:46,5/15/2023,10:23,Loach,LCH,131,
Main,3,231R,231RT6,canal,6,37.20734,-120.77929,5/14/2023,8:49,5/15/2023,10:43,Loach,LCH,135,
Main,3,231R,231RT6,canal,6,37.20734,-120.77929,5/14/2023,8:49,5/15/2023,10:43,Loach,LCH,120,
Main,3,231R,231RT6,canal,6,37.20734,-120.77929,5/14/2023,8:49,5/15/2023,10:43,Loach,LCH,124,
Main,3,231R,231RT6,canal,6,37.20734,-120.77929,5/14/2023,8:49,5/15/2023,10:43,Loach,LCH,119,
Main,3,231R,231RT7,canal,7,37.20716,-120.77911,5/14/2023,8:52,5/15/2023,10:59,Loach,LCH,136,
Main,3,231R,231RT7,canal,7,37.20716,-120.77911,5/14/2023,8:52,5/15/2023,10:59,Loach,LCH,128,
Main,3,231R,231RT7,canal,7,37.20716,-120.77911,5/14/2023,8:52,5/15/2023,10:59,Loach,LCH,111,
Main,3,231R,231RT8,canal,8,37.20695,-120.77896,5/14/2023,8:58,5/15/2023,11:08,Loach,LCH,140,
Main,3,231R,231RT9,canal,9,37.20676,-120.77877,5/14/2023,9:00,5/15/2023,11:18,Loach,LCH,120,
Main,3,231R,231RT9,canal,9,37.20676,-120.77877,5/14/2023,9:00,5/15/2023,11:18,Loach,LCH,123,
Main,3,231R,231RT9,canal,9,37.20676,-120.77877,5/14/2023,9:00,5/15/2023,11:18,Loach,LCH,127,
Main,3,231R,231RT9,canal,9,37.20676,-120.77877,5/14/2023,9:00,5/15/2023,11:18,Loach,LCH,133,
Main,3,252R,252RT2,canal,2,37.2062,-120.77769,5/14/2023,9:14,5/15/2023,11:50,Loach,LCH,131,
Main,3,252R,252RT10,canal,10,37.20571,-120.77543,5/14/2023,9:36,5/15/2023,12:09,Loach,LCH,126,
Main,3,262R,262RT3,canal,3,37.20398,-120.77095,5/14/2023,10:19,5/15/2023,12:31,Loach,LCH,129,
Main,3,262R,262RT3,canal,3,37.20398,-120.77095,5/14/2023,10:19,5/15/2023,12:31,Loach,LCH,104,
Main,3,262R,262RT3,canal,3,37.20398,-120.77095,5/14/2023,10:19,5/15/2023,12:31,Loach,LCH,117,
Main,3,262R,262RT3,canal,3,37.20398,-120.77095,5/14/2023,10:19,5/15/2023,12:31,Loach,LCH,128,
Main,3,262R,262RT4,canal,4,37.20379,-120.77075,5/14/2023,10:21,5/15/2023,12:39,Loach,LCH,129,
Main,3,262R,262RT4,canal,4,37.20379,-120.77075,5/14/2023,10:21,5/15/2023,12:39,Loach,LCH,112,
Main,3,262R,262RT4,canal,4,37.20379,-120.77075,5/14/2023,10:21,5/15/2023,12:39,Loach,LCH,128,
Main,3,262R,262RT4,canal,4,37.20379,-120.77075,5/14/2023,10:21,5/15/2023,12:39,Loach,LCH,136,
Main,3,262R,262RT6,canal,6,37.20336,-120.77029,5/14/2023,10:27,5/15/2023,12:55,Loach,LCH,120,
Main,3,262R,262RT6,canal,6,37.20336,-120.77029,5/14/2023,10:27,5/15/2023,12:55,Loach,LCH,131,
Main,3,262R,262RT6,canal,6,37.20336,-120.77029,5/14/2023,10:27,5/15/2023,12:55,Loach,LCH,114,
Main,3,262R,262RT6,canal,6,37.20336,-120.77029,5/14/2023,10:27,5/15/2023,12:55,Loach,LCH,131,
Main,3,262R,262RT6,canal,6,37.20336,-120.77029,5/14/2023,10:27,5/15/2023,12:55,Loach,LCH,129,
Main,3,262R,262RT6,canal,6,37.20336,-120.77029,5/14/2023,10:27,5/15/2023,12:55,Loach,LCH,123,
Main,3,262R,262RT6,canal,6,37.20336,-120.77029,5/14/2023,10:27,5/15/2023,12:55,Loach,LCH,111,
Main,3,262R,262RT6,canal,6,37.20336,-120.77029,5/14/2023,10:27,5/15/2023,12:55,Loach,LCH,105,
Main,3,262R,262RT6,canal,6,37.20336,-120.77029,5/14/2023,10:27,5/15/2023,12:55,Loach,LCH,107,
Main,3,262R,262RT7,canal,7,37.20321,-120.7701,5/14/2023,10:31,5/15/2023,13:11,Loach,LCH,103,
Main,3,276R,276RT2,canal,2,37.19813,-120.76847,5/14/2023,11:16,5/15/2023,13:48,Loach,LCH,NA,not measured
Main,3,276R,276RT3,canal,3,37.19794,-120.7683,5/14/2023,11:20,5/15/2023,14:04,Loach,LCH,120,
Main,3,276R,276RT3,canal,3,37.19794,-120.7683,5/14/2023,11:20,5/15/2023,14:04,Loach,LCH,120,
Main,3,276R,276RT4,canal,4,37.19778,-120.76812,5/14/2023,11:22,5/15/2023,14:14,Loach,LCH,118,
Main,3,276R,276RT4,canal,4,37.19778,-120.76812,5/14/2023,11:22,5/15/2023,14:14,Loach,LCH,121,
Main,3,276R,276RT4,canal,4,37.19778,-120.76812,5/14/2023,11:22,5/15/2023,14:14,Loach,LCH,120,
Main,3,276R,276RT5,canal,5,37.19757,-120.76789,5/14/2023,11:25,5/15/2023,14:25,Loach,LCH,105,
Main,3,276R,276RT7,canal,7,37.19722,-120.76751,5/14/2023,11:30,5/15/2023,14:34,Loach,LCH,131,
Main,3,276R,276RT8,canal,8,37.19704,-120.7673,5/14/2023,11:33,5/15/2023,14:42,Loach,LCH,124,
Main,3,276R,276RT8,canal,8,37.19704,-120.7673,5/14/2023,11:33,5/15/2023,14:42,Loach,LCH,121,
Main,3,276R,276RT8,canal,8,37.19704,-120.7673,5/14/2023,11:33,5/15/2023,14:42,Loach,LCH,119,
Main,3,276R,276RT8,canal,8,37.19704,-120.7673,5/14/2023,11:33,5/15/2023,14:42,Loach,LCH,93,
Main,3,276R,276RT8,canal,8,37.19704,-120.7673,5/14/2023,11:33,5/15/2023,14:42,Loach,LCH,120,
Main,3,276R,276RT9,canal,9,37.19686,-120.76712,5/14/2023,11:35,5/15/2023,14:52,Loach,LCH,124,
Main,3,276R,276RT10,canal,10,37.19667,-120.76694,5/14/2023,11:37,5/15/2023,14:59,Loach,LCH,134,
Main,3,276R,276RT10,canal,10,37.19667,-120.76694,5/14/2023,11:37,5/15/2023,14:59,Loach,LCH,108,
Main,3,276R,276RT10,canal,10,37.19667,-120.76694,5/14/2023,11:37,5/15/2023,14:59,Loach,LCH,115,
Main,3,276R,276RT10,canal,10,37.19667,-120.76694,5/14/2023,11:37,5/15/2023,14:59,Loach,LCH,112,
Main,3,281R,281RT3,canal,3,37.24464,-120.82296,5/14/2023,16:18,5/15/2023,16:04,Loach,LCH,131,
Main,3,281R,281RT6,canal,6,37.24394,-120.82283,5/14/2023,16:25,5/15/2023,16:23,Loach,LCH,138,
Main,3,255R,255RT1,canal,1,37.21805,-120.79009,5/16/2023,7:54,5/17/2023,7:23,Loach,LCH,142,
Main,3,255R,255RT1,canal,1,37.21805,-120.79009,5/16/2023,7:54,5/17/2023,7:23,Loach,LCH,136,
Main,3,255R,255RT1,canal,1,37.21805,-120.79009,5/16/2023,7:54,5/17/2023,7:23,Loach,LCH,140,
Main,3,255R,255RT1,canal,1,37.21805,-120.79009,5/16/2023,7:54,5/17/2023,7:23,Loach,LCH,128,
Main,3,255R,255RT2,canal,2,37.2179,-120.7899,5/16/2023,7:55,5/17/2023,7:33,Loach,LCH,127,
Main,3,255R,255RT2,canal,2,37.2179,-120.7899,5/16/2023,7:55,5/17/2023,7:33,Loach,LCH,136,
Main,3,255R,255RT2,canal,2,37.2179,-120.7899,5/16/2023,7:55,5/17/2023,7:33,Loach,LCH,120,
Main,3,255R,255RT3,canal,3,37.21773,-120.78969,5/16/2023,7:57,5/17/2023,7:41,Loach,LCH,131,
Main,3,255R,255RT3,canal,3,37.21773,-120.78969,5/16/2023,7:57,5/17/2023,7:41,Loach,LCH,135,
Main,3,255R,255RT3,canal,3,37.21773,-120.78969,5/16/2023,7:57,5/17/2023,7:41,Loach,LCH,140,
Main,3,255R,255RT3,canal,3,37.21773,-120.78969,5/16/2023,7:57,5/17/2023,7:41,Loach,LCH,132,
Main,3,255R,255RT3,canal,3,37.21773,-120.78969,5/16/2023,7:57,5/17/2023,7:41,Loach,LCH,139,
Main,3,255R,255RT3,canal,3,37.21773,-120.78969,5/16/2023,7:57,5/17/2023,7:41,Loach,LCH,119,
Main,3,255R,255RT3,canal,3,37.21773,-120.78969,5/16/2023,7:57,5/17/2023,7:41,Loach,LCH,130,
Main,3,255R,255RT3,canal,3,37.21773,-120.78969,5/16/2023,7:57,5/17/2023,7:41,Loach,LCH,129,
Main,3,255R,255RT3,canal,3,37.21773,-120.78969,5/16/2023,7:57,5/17/2023,7:41,Loach,LCH,131,
Main,3,255R,255RT3,canal,3,37.21773,-120.78969,5/16/2023,7:57,5/17/2023,7:41,Loach,LCH,116,
Main,3,255R,255RT3,canal,3,37.21773,-120.78969,5/16/2023,7:57,5/17/2023,7:41,Loach,LCH,125,
Main,3,255R,255RT3,canal,3,37.21773,-120.78969,5/16/2023,7:57,5/17/2023,7:41,Loach,LCH,131,
Main,3,255R,255RT4,canal,4,37.21756,-120.78951,5/16/2023,7:59,5/17/2023,8:07,Loach,LCH,132,
Main,3,255R,255RT4,canal,4,37.21756,-120.78951,5/16/2023,7:59,5/17/2023,8:07,Loach,LCH,131,
Main,3,255R,255RT4,canal,4,37.21756,-120.78951,5/16/2023,7:59,5/17/2023,8:07,Loach,LCH,137,
Main,3,255R,255RT4,canal,4,37.21756,-120.78951,5/16/2023,7:59,5/17/2023,8:07,Loach,LCH,135,
Main,3,255R,255RT4,canal,4,37.21756,-120.78951,5/16/2023,7:59,5/17/2023,8:07,Loach,LCH,136,
Main,3,255R,255RT5,canal,5,37.21739,-120.78931,5/16/2023,8:02,5/17/2023,8:22,Loach,LCH,129,
Main,3,255R,255RT5,canal,5,37.21739,-120.78931,5/16/2023,8:02,5/17/2023,8:22,Loach,LCH,141,
Main,3,255R,255RT5,canal,5,37.21739,-120.78931,5/16/2023,8:02,5/17/2023,8:22,Loach,LCH,112,
Main,3,255R,255RT5,canal,5,37.21739,-120.78931,5/16/2023,8:02,5/17/2023,8:22,Loach,LCH,134,
Main,3,255R,255RT6,canal,6,37.2172,-120.7891,5/16/2023,8:05,5/17/2023,8:29,Loach,LCH,136,
Main,3,255R,255RT6,canal,6,37.2172,-120.7891,5/16/2023,8:05,5/17/2023,8:29,Loach,LCH,130,
Main,3,255R,255RT6,canal,6,37.2172,-120.7891,5/16/2023,8:05,5/17/2023,8:29,Loach,LCH,140,
Main,3,255R,255RT6,canal,6,37.2172,-120.7891,5/16/2023,8:05,5/17/2023,8:29,Loach,LCH,145,
Main,3,255R,255RT6,canal,6,37.2172,-120.7891,5/16/2023,8:05,5/17/2023,8:29,Loach,LCH,123,
Main,3,255R,255RT6,canal,6,37.2172,-120.7891,5/16/2023,8:05,5/17/2023,8:29,Loach,LCH,119,
Main,3,255R,255RT6,canal,6,37.2172,-120.7891,5/16/2023,8:05,5/17/2023,8:29,Loach,LCH,139,
Main,3,255R,255RT6,canal,6,37.2172,-120.7891,5/16/2023,8:05,5/17/2023,8:29,Loach,LCH,133,
Main,3,255R,255RT6,canal,6,37.2172,-120.7891,5/16/2023,8:05,5/17/2023,8:29,Loach,LCH,133,
Main,3,255R,255RT7,canal,7,37.21704,-120.78889,5/16/2023,8:06,5/17/2023,8:47,Loach,LCH,134,
Main,3,255R,255RT8,canal,8,37.21687,-120.78871,5/16/2023,8:09,5/17/2023,8:54,Loach,LCH,121,
Main,3,255R,255RT8,canal,8,37.21687,-120.78871,5/16/2023,8:09,5/17/2023,8:54,Loach,LCH,130,
Main,3,255R,255RT8,canal,8,37.21687,-120.78871,5/16/2023,8:09,5/17/2023,8:54,Loach,LCH,135,
Main,3,255R,255RT8,canal,8,37.21687,-120.78871,5/16/2023,8:09,5/17/2023,8:54,Loach,LCH,140,
Main,3,255R,255RT8,canal,8,37.21687,-120.78871,5/16/2023,8:09,5/17/2023,8:54,Loach,LCH,143,
Main,3,255R,255RT9,canal,9,37.21671,-120.78851,5/16/2023,8:10,5/17/2023,9:04,Loach,LCH,131,
Main,3,255R,255RT9,canal,9,37.21671,-120.78851,5/16/2023,8:10,5/17/2023,9:04,Loach,LCH,136,
Main,3,255R,255RT10,canal,10,37.21653,-120.78831,5/16/2023,8:12,5/17/2023,9:08,Loach,LCH,117,
Main,3,255R,255RT10,canal,10,37.21653,-120.78831,5/16/2023,8:12,5/17/2023,9:08,Loach,LCH,139,
Main,3,255R,255RT10,canal,10,37.21653,-120.78831,5/16/2023,8:12,5/17/2023,9:08,Loach,LCH,123,
Main,3,296R,296RT1,canal,1,37.20805,-120.77997,5/16/2023,8:22,5/17/2023,9:22,Loach,LCH,132,
Main,3,296R,296RT1,canal,1,37.20805,-120.77997,5/16/2023,8:22,5/17/2023,9:22,Loach,LCH,135,
Main,3,296R,296RT1,canal,1,37.20805,-120.77997,5/16/2023,8:22,5/17/2023,9:22,Loach,LCH,134,
Main,3,296R,296RT3,canal,3,37.2077,-120.77963,5/16/2023,8:27,5/17/2023,9:35,Loach,LCH,140,
Main,3,296R,296RT3,canal,3,37.2077,-120.77963,5/16/2023,8:27,5/17/2023,9:35,Loach,LCH,124,
Main,3,296R,296RT3,canal,3,37.2077,-120.77963,5/16/2023,8:27,5/17/2023,9:35,Loach,LCH,143,
Main,3,296R,296RT3,canal,3,37.2077,-120.77963,5/16/2023,8:27,5/17/2023,9:35,Loach,LCH,128,
Main,3,296R,296RT3,canal,3,37.2077,-120.77963,5/16/2023,8:27,5/17/2023,9:35,Loach,LCH,135,
Main,3,296R,296RT4,canal,4,37.20756,-120.77947,5/16/2023,8:30,5/17/2023,9:44,Loach,LCH,136,
Main,3,296R,296RT4,canal,4,37.20756,-120.77947,5/16/2023,8:30,5/17/2023,9:44,Loach,LCH,133,
Main,3,296R,296RT5,canal,5,37.20736,-120.77929,5/16/2023,8:32,5/17/2023,9:50,Loach,LCH,135,
Main,3,296R,296RT5,canal,5,37.20736,-120.77929,5/16/2023,8:32,5/17/2023,9:50,Loach,LCH,122,
Main,3,296R,296RT5,canal,5,37.20736,-120.77929,5/16/2023,8:32,5/17/2023,9:50,Loach,LCH,143,
Main,3,296R,296RT5,canal,5,37.20736,-120.77929,5/16/2023,8:32,5/17/2023,9:50,Loach,LCH,141,
Main,3,296R,296RT6,canal,6,37.20718,-120.77912,5/16/2023,8:35,5/17/2023,10:00,Loach,LCH,153,
Main,3,296R,296RT6,canal,6,37.20718,-120.77912,5/16/2023,8:35,5/17/2023,10:00,Loach,LCH,137,
Main,3,296R,296RT6,canal,6,37.20718,-120.77912,5/16/2023,8:35,5/17/2023,10:00,Loach,LCH,138,
Main,3,296R,296RT6,canal,6,37.20718,-120.77912,5/16/2023,8:35,5/17/2023,10:00,Loach,LCH,135,
Main,3,296R,296RT10,canal,10,37.20642,-120.77832,5/16/2023,8:48,5/17/2023,10:26,Loach,LCH,123,
Main,3,296R,296RT10,canal,10,37.20642,-120.77832,5/16/2023,8:48,5/17/2023,10:26,Loach,LCH,138,
Main,3,275R,275RT1,canal,1,37.20562,-120.7746,5/16/2023,9:57,5/17/2023,10:45,Loach,LCH,124,
Main,3,275R,275RT1,canal,1,37.20562,-120.7746,5/16/2023,9:57,5/17/2023,10:45,Loach,LCH,120,
Main,3,275R,275RT1,canal,1,37.20562,-120.7746,5/16/2023,9:57,5/17/2023,10:45,Loach,LCH,103,
Main,3,275R,275RT1,canal,1,37.20562,-120.7746,5/16/2023,9:57,5/17/2023,10:45,Loach,LCH,124,
Main,3,275R,275RT1,canal,1,37.20562,-120.7746,5/16/2023,9:57,5/17/2023,10:45,Loach,LCH,126,
Main,3,275R,275RT1,canal,1,37.20562,-120.7746,5/16/2023,9:57,5/17/2023,10:45,Loach,LCH,122,
Main,3,275R,275RT1,canal,1,37.20562,-120.7746,5/16/2023,9:57,5/17/2023,10:45,Loach,LCH,126,
Main,3,275R,275RT1,canal,1,37.20562,-120.7746,5/16/2023,9:57,5/17/2023,10:45,Loach,LCH,123,
Main,3,275R,275RT1,canal,1,37.20562,-120.7746,5/16/2023,9:57,5/17/2023,10:45,Loach,LCH,119,
Main,3,275R,275RT2,canal,2,37.20555,-120.77433,5/16/2023,10:00,5/17/2023,11:04,Loach,LCH,114,
Main,3,275R,275RT2,canal,2,37.20555,-120.77433,5/16/2023,10:00,5/17/2023,11:04,Loach,LCH,115,
Main,3,275R,275RT2,canal,2,37.20555,-120.77433,5/16/2023,10:00,5/17/2023,11:04,Loach,LCH,124,
Main,3,275R,275RT2,canal,2,37.20555,-120.77433,5/16/2023,10:00,5/17/2023,11:04,Loach,LCH,112,
Main,3,275R,275RT2,canal,2,37.20555,-120.77433,5/16/2023,10:00,5/17/2023,11:04,Loach,LCH,117,
Main,3,275R,275RT2,canal,2,37.20555,-120.77433,5/16/2023,10:00,5/17/2023,11:04,Loach,LCH,129,
Main,3,275R,275RT2,canal,2,37.20555,-120.77433,5/16/2023,10:00,5/17/2023,11:04,Loach,LCH,117,
Main,3,275R,275RT2,canal,2,37.20555,-120.77433,5/16/2023,10:00,5/17/2023,11:04,Loach,LCH,136,
Main,3,275R,275RT2,canal,2,37.20555,-120.77433,5/16/2023,10:00,5/17/2023,11:04,Loach,LCH,134,
Main,3,275R,275RT2,canal,2,37.20555,-120.77433,5/16/2023,10:00,5/17/2023,11:04,Loach,LCH,127,
Main,3,275R,275RT2,canal,2,37.20555,-120.77433,5/16/2023,10:00,5/17/2023,11:04,Loach,LCH,123,
Main,3,275R,275RT3,canal,3,37.20547,-120.77406,5/16/2023,10:03,5/17/2023,11:21,Loach,LCH,122,
Main,3,275R,275RT3,canal,3,37.20547,-120.77406,5/16/2023,10:03,5/17/2023,11:21,Loach,LCH,130,
Main,3,275R,275RT4,canal,4,37.20543,-120.77378,5/16/2023,10:04,5/17/2023,11:26,Loach,LCH,124,
Main,3,275R,275RT4,canal,4,37.20543,-120.77378,5/16/2023,10:04,5/17/2023,11:26,Loach,LCH,137,
Main,3,275R,275RT4,canal,4,37.20543,-120.77378,5/16/2023,10:04,5/17/2023,11:26,Loach,LCH,128,
Main,3,275R,275RT4,canal,4,37.20543,-120.77378,5/16/2023,10:04,5/17/2023,11:26,Loach,LCH,119,
Main,3,275R,275RT5,canal,5,37.20535,-120.77349,5/16/2023,10:07,5/17/2023,11:39,Loach,LCH,123,
Main,3,275R,275RT5,canal,5,37.20535,-120.77349,5/16/2023,10:07,5/17/2023,11:39,Loach,LCH,120,
Main,3,275R,275RT6,canal,6,37.20527,-120.7732,5/16/2023,10:09,5/17/2023,11:45,Loach,LCH,101,
Main,3,275R,275RT6,canal,6,37.20527,-120.7732,5/16/2023,10:09,5/17/2023,11:45,Loach,LCH,127,
Main,3,275R,275RT7,canal,7,37.2052,-120.77294,5/16/2023,10:12,5/17/2023,11:54,Loach,LCH,118,
Main,3,275R,275RT8,canal,8,37.20513,-120.77265,5/16/2023,10:15,5/17/2023,12:01,Loach,LCH,117,
Main,3,275R,275RT8,canal,8,37.20513,-120.77265,5/16/2023,10:15,5/17/2023,12:01,Loach,LCH,133,
Main,3,275R,275RT8,canal,8,37.20513,-120.77265,5/16/2023,10:15,5/17/2023,12:01,Loach,LCH,135,
Main,3,275R,275RT8,canal,8,37.20513,-120.77265,5/16/2023,10:15,5/17/2023,12:01,Loach,LCH,140,
Main,3,275R,275RT8,canal,8,37.20513,-120.77265,5/16/2023,10:15,5/17/2023,12:01,Loach,LCH,130,
Main,3,275R,275RT8,canal,8,37.20513,-120.77265,5/16/2023,10:15,5/17/2023,12:01,Loach,LCH,122,
Main,3,275R,275RT8,canal,8,37.20513,-120.77265,5/16/2023,10:15,5/17/2023,12:01,Loach,LCH,132,
Main,3,275R,275RT8,canal,8,37.20513,-120.77265,5/16/2023,10:15,5/17/2023,12:01,Loach,LCH,120,
Main,3,275R,275RT8,canal,8,37.20513,-120.77265,5/16/2023,10:15,5/17/2023,12:01,Loach,LCH,118,
Main,3,275R,275RT8,canal,8,37.20513,-120.77265,5/16/2023,10:15,5/17/2023,12:01,Loach,LCH,126,
Main,3,275R,275RT8,canal,8,37.20513,-120.77265,5/16/2023,10:15,5/17/2023,12:01,Loach,LCH,123,
Main,3,275R,275RT9,canal,9,37.20505,-120.77233,5/16/2023,10:17,5/17/2023,12:26,Loach,LCH,122,
Main,3,275R,275RT9,canal,9,37.20505,-120.77233,5/16/2023,10:17,5/17/2023,12:26,Loach,LCH,119,
Main,3,275R,275RT9,canal,9,37.20505,-120.77233,5/16/2023,10:17,5/17/2023,12:26,Loach,LCH,122,
Main,3,275R,275RT9,canal,9,37.20505,-120.77233,5/16/2023,10:17,5/17/2023,12:26,Loach,LCH,126,
Main,3,275R,275RT9,canal,9,37.20505,-120.77233,5/16/2023,10:17,5/17/2023,12:26,Loach,LCH,125,
Main,3,275R,275RT9,canal,9,37.20505,-120.77233,5/16/2023,10:17,5/17/2023,12:26,Loach,LCH,117,
Main,3,275R,275RT9,canal,9,37.20505,-120.77233,5/16/2023,10:17,5/17/2023,12:26,Loach,LCH,125,
Main,3,275R,275RT9,canal,9,37.20505,-120.77233,5/16/2023,10:17,5/17/2023,12:26,Loach,LCH,129,
Main,3,275R,275RT9,canal,9,37.20505,-120.77233,5/16/2023,10:17,5/17/2023,12:26,Loach,LCH,128,
Main,3,275R,275RT9,canal,9,37.20505,-120.77233,5/16/2023,10:17,5/17/2023,12:26,Loach,LCH,123,
Main,3,275R,275RT9,canal,9,37.20505,-120.77233,5/16/2023,10:17,5/17/2023,12:26,Loach,LCH,129,
Main,3,275R,275RT9,canal,9,37.20505,-120.77233,5/16/2023,10:17,5/17/2023,12:26,Loach,LCH,128,
Main,3,275R,275RT9,canal,9,37.20505,-120.77233,5/16/2023,10:17,5/17/2023,12:26,Loach,LCH,131,
Main,3,275R,275RT9,canal,9,37.20505,-120.77233,5/16/2023,10:17,5/17/2023,12:26,Loach,LCH,122,
Main,3,275R,275RT9,canal,9,37.20505,-120.77233,5/16/2023,10:17,5/17/2023,12:26,Loach,LCH,131,
Main,3,275R,275RT9,canal,9,37.20505,-120.77233,5/16/2023,10:17,5/17/2023,12:26,Loach,LCH,127,
Main,3,275R,275RT9,canal,9,37.20505,-120.77233,5/16/2023,10:17,5/17/2023,12:26,Loach,LCH,118,
Main,3,275R,275RT9,canal,9,37.20505,-120.77233,5/16/2023,10:17,5/17/2023,12:26,Loach,LCH,123,
Main,3,275R,275RT9,canal,9,37.20505,-120.77233,5/16/2023,10:17,5/17/2023,12:26,Loach,LCH,122,
Main,3,275R,275RT9,canal,9,37.20505,-120.77233,5/16/2023,10:17,5/17/2023,12:26,Loach,LCH,119,
Main,3,275R,275RT9,canal,9,37.20505,-120.77233,5/16/2023,10:17,5/17/2023,12:26,Loach,LCH,120,
Main,3,275R,275RT9,canal,9,37.20505,-120.77233,5/16/2023,10:17,5/17/2023,12:26,Loach,LCH,118,
Main,3,275R,275RT9,canal,9,37.20505,-120.77233,5/16/2023,10:17,5/17/2023,12:26,Loach,LCH,125,
Main,3,275R,275RT9,canal,9,37.20505,-120.77233,5/16/2023,10:17,5/17/2023,12:26,Loach,LCH,123,
Main,3,275R,275RT9,canal,9,37.20505,-120.77233,5/16/2023,10:17,5/17/2023,12:26,Loach,LCH,120,
Main,3,275R,275RT9,canal,9,37.20505,-120.77233,5/16/2023,10:17,5/17/2023,12:26,Loach,LCH,127,
Main,3,275R,275RT9,canal,9,37.20505,-120.77233,5/16/2023,10:17,5/17/2023,12:26,Loach,LCH,122,
Main,3,275R,275RT9,canal,9,37.20505,-120.77233,5/16/2023,10:17,5/17/2023,12:26,Loach,LCH,140,
Main,3,275R,275RT9,canal,9,37.20505,-120.77233,5/16/2023,10:17,5/17/2023,12:26,Loach,LCH,126,
Main,3,275R,275RT9,canal,9,37.20505,-120.77233,5/16/2023,10:17,5/17/2023,12:26,Loach,LCH,129,
Main,3,275R,275RT9,canal,9,37.20505,-120.77233,5/16/2023,10:17,5/17/2023,12:26,Loach,LCH,134,
Main,3,275R,275RT9,canal,9,37.20505,-120.77233,5/16/2023,10:17,5/17/2023,12:26,Loach,LCH,110,
Main,3,275R,275RT9,canal,9,37.20505,-120.77233,5/16/2023,10:17,5/17/2023,12:26,Loach,LCH,117,
Main,3,275R,275RT9,canal,9,37.20505,-120.77233,5/16/2023,10:17,5/17/2023,12:26,Loach,LCH,126,
Main,3,275R,275RT9,canal,9,37.20505,-120.77233,5/16/2023,10:17,5/17/2023,12:26,Loach,LCH,117,
Main,3,275R,275RT9,canal,9,37.20505,-120.77233,5/16/2023,10:17,5/17/2023,12:26,Loach,LCH,131,
Main,3,275R,275RT10,canal,10,37.2049,-120.77291,5/16/2023,10:20,5/17/2023,13:29,Loach,LCH,128,
Main,3,275R,275RT10,canal,10,37.2049,-120.77291,5/16/2023,10:20,5/17/2023,13:29,Loach,LCH,119,
Main,3,206R,206RT1,canal,1,37.20366,-120.77062,5/16/2023,10:30,5/17/2023,13:46,Loach,LCH,127,
Main,3,206R,206RT1,canal,1,37.20366,-120.77062,5/16/2023,10:30,5/17/2023,13:46,Loach,LCH,128,
Main,3,206R,206RT1,canal,1,37.20366,-120.77062,5/16/2023,10:30,5/17/2023,13:46,Loach,LCH,125,
Main,3,206R,206RT1,canal,1,37.20366,-120.77062,5/16/2023,10:30,5/17/2023,13:46,Loach,LCH,121,
Main,3,206R,206RT1,canal,1,37.20366,-120.77062,5/16/2023,10:30,5/17/2023,13:46,Loach,LCH,125,
Main,3,206R,206RT1,canal,1,37.20366,-120.77062,5/16/2023,10:30,5/17/2023,13:46,Loach,LCH,123,
Main,3,206R,206RT1,canal,1,37.20366,-120.77062,5/16/2023,10:30,5/17/2023,13:46,Loach,LCH,126,
Main,3,206R,206RT1,canal,1,37.20366,-120.77062,5/16/2023,10:30,5/17/2023,13:46,Loach,LCH,122,
Main,3,206R,206RT2,canal,2,37.20349,-120.77041,5/16/2023,10:32,5/17/2023,14:01,Loach,LCH,131,
Main,3,206R,206RT2,canal,2,37.20349,-120.77041,5/16/2023,10:32,5/17/2023,14:01,Loach,LCH,113,
Main,3,206R,206RT2,canal,2,37.20349,-120.77041,5/16/2023,10:32,5/17/2023,14:01,Loach,LCH,115,
Main,3,206R,206RT2,canal,2,37.20349,-120.77041,5/16/2023,10:32,5/17/2023,14:01,Loach,LCH,120,
Main,3,206R,206RT2,canal,2,37.20349,-120.77041,5/16/2023,10:32,5/17/2023,14:01,Loach,LCH,115,
Main,3,206R,206RT2,canal,2,37.20349,-120.77041,5/16/2023,10:32,5/17/2023,14:01,Loach,LCH,115,
Main,3,206R,206RT2,canal,2,37.20349,-120.77041,5/16/2023,10:32,5/17/2023,14:01,Loach,LCH,128,
Main,3,206R,206RT2,canal,2,37.20349,-120.77041,5/16/2023,10:32,5/17/2023,14:01,Loach,LCH,134,
Main,3,206R,206RT2,canal,2,37.20349,-120.77041,5/16/2023,10:32,5/17/2023,14:01,Loach,LCH,139,
Main,3,206R,206RT2,canal,2,37.20349,-120.77041,5/16/2023,10:32,5/17/2023,14:01,Loach,LCH,133,
Main,3,206R,206RT2,canal,2,37.20349,-120.77041,5/16/2023,10:32,5/17/2023,14:01,Loach,LCH,119,
Main,3,206R,206RT2,canal,2,37.20349,-120.77041,5/16/2023,10:32,5/17/2023,14:01,Loach,LCH,123,
Main,3,206R,206RT2,canal,2,37.20349,-120.77041,5/16/2023,10:32,5/17/2023,14:01,Loach,LCH,96,
Main,3,206R,206RT3,canal,3,37.20329,-120.7702,5/16/2023,10:35,5/17/2023,14:22,Loach,LCH,128,
Main,3,206R,206RT3,canal,3,37.20329,-120.7702,5/16/2023,10:35,5/17/2023,14:22,Loach,LCH,118,
Main,3,206R,206RT3,canal,3,37.20329,-120.7702,5/16/2023,10:35,5/17/2023,14:22,Loach,LCH,131,
Main,3,206R,206RT3,canal,3,37.20329,-120.7702,5/16/2023,10:35,5/17/2023,14:22,Loach,LCH,122,
Main,3,206R,206RT3,canal,3,37.20329,-120.7702,5/16/2023,10:35,5/17/2023,14:22,Loach,LCH,128,
Main,3,206R,206RT3,canal,3,37.20329,-120.7702,5/16/2023,10:35,5/17/2023,14:22,Loach,LCH,120,
Main,3,206R,206RT3,canal,3,37.20329,-120.7702,5/16/2023,10:35,5/17/2023,14:22,Loach,LCH,121,
Main,3,206R,206RT4,canal,4,37.20312,-120.77,5/16/2023,10:37,5/17/2023,14:34,Loach,LCH,168,
Main,3,206R,206RT4,canal,4,37.20312,-120.77,5/16/2023,10:37,5/17/2023,14:34,Loach,LCH,113,
Main,3,206R,206RT4,canal,4,37.20312,-120.77,5/16/2023,10:37,5/17/2023,14:34,Loach,LCH,131,
Main,3,206R,206RT4,canal,4,37.20312,-120.77,5/16/2023,10:37,5/17/2023,14:34,Loach,LCH,101,
Main,3,206R,206RT4,canal,4,37.20312,-120.77,5/16/2023,10:37,5/17/2023,14:34,Loach,LCH,126,
Main,3,206R,206RT4,canal,4,37.20312,-120.77,5/16/2023,10:37,5/17/2023,14:34,Loach,LCH,134,
Main,3,206R,206RT4,canal,4,37.20312,-120.77,5/16/2023,10:37,5/17/2023,14:34,Loach,LCH,120,
Main,3,206R,206RT4,canal,4,37.20312,-120.77,5/16/2023,10:37,5/17/2023,14:34,Loach,LCH,127,
Main,3,206R,206RT4,canal,4,37.20312,-120.77,5/16/2023,10:37,5/17/2023,14:34,Loach,LCH,121,
Main,3,206R,206RT4,canal,4,37.20312,-120.77,5/16/2023,10:37,5/17/2023,14:34,Loach,LCH,113,
Main,3,206R,206RT4,canal,4,37.20312,-120.77,5/16/2023,10:37,5/17/2023,14:34,Loach,LCH,130,
Main,3,206R,206RT4,canal,4,37.20312,-120.77,5/16/2023,10:37,5/17/2023,14:34,Loach,LCH,122,
Main,3,206R,206RT4,canal,4,37.20312,-120.77,5/16/2023,10:37,5/17/2023,14:34,Loach,LCH,124,
Main,3,206R,206RT4,canal,4,37.20312,-120.77,5/16/2023,10:37,5/17/2023,14:34,Loach,LCH,124,
Main,3,206R,206RT4,canal,4,37.20312,-120.77,5/16/2023,10:37,5/17/2023,14:34,Loach,LCH,120,
Main,3,206R,206RT4,canal,4,37.20312,-120.77,5/16/2023,10:37,5/17/2023,14:34,Loach,LCH,124,
Main,3,206R,206RT4,canal,4,37.20312,-120.77,5/16/2023,10:37,5/17/2023,14:34,Loach,LCH,128,
Main,3,206R,206RT4,canal,4,37.20312,-120.77,5/16/2023,10:37,5/17/2023,14:34,Loach,LCH,118,
Main,3,206R,206RT4,canal,4,37.20312,-120.77,5/16/2023,10:37,5/17/2023,14:34,Loach,LCH,121,
Main,3,206R,206RT4,canal,4,37.20312,-120.77,5/16/2023,10:37,5/17/2023,14:34,Loach,LCH,128,
Main,3,206R,206RT4,canal,4,37.20312,-120.77,5/16/2023,10:37,5/17/2023,14:34,Loach,LCH,127,
Main,3,206R,206RT4,canal,4,37.20312,-120.77,5/16/2023,10:37,5/17/2023,14:34,Loach,LCH,132,
Main,3,206R,206RT4,canal,4,37.20312,-120.77,5/16/2023,10:37,5/17/2023,14:34,Loach,LCH,120,
Main,3,206R,206RT4,canal,4,37.20312,-120.77,5/16/2023,10:37,5/17/2023,14:34,Loach,LCH,115,
Main,3,206R,206RT5,canal,5,37.20296,-120.76984,5/16/2023,10:39,5/17/2023,15:08,Loach,LCH,118,
Main,3,206R,206RT5,canal,5,37.20296,-120.76984,5/16/2023,10:39,5/17/2023,15:08,Loach,LCH,131,
Main,3,206R,206RT6,canal,6,37.20279,-120.76962,5/16/2023,10:44,5/17/2023,15:14,Loach,LCH,124,
Main,3,206R,206RT6,canal,6,37.20279,-120.76962,5/16/2023,10:44,5/17/2023,15:14,Loach,LCH,114,
Main,3,206R,206RT6,canal,6,37.20279,-120.76962,5/16/2023,10:44,5/17/2023,15:14,Loach,LCH,124,
Main,3,206R,206RT6,canal,6,37.20279,-120.76962,5/16/2023,10:44,5/17/2023,15:14,Loach,LCH,112,
Main,3,206R,206RT6,canal,6,37.20279,-120.76962,5/16/2023,10:44,5/17/2023,15:14,Loach,LCH,118,
Main,3,206R,206RT6,canal,6,37.20279,-120.76962,5/16/2023,10:44,5/17/2023,15:14,Loach,LCH,109,
Main,3,206R,206RT6,canal,6,37.20279,-120.76962,5/16/2023,10:44,5/17/2023,15:14,Loach,LCH,117,
Main,3,206R,206RT6,canal,6,37.20279,-120.76962,5/16/2023,10:44,5/17/2023,15:14,Loach,LCH,114,
Main,3,206R,206RT6,canal,6,37.20279,-120.76962,5/16/2023,10:44,5/17/2023,15:14,Loach,LCH,118,
Main,3,206R,206RT6,canal,6,37.20279,-120.76962,5/16/2023,10:44,5/17/2023,15:14,Loach,LCH,114,
Main,3,206R,206RT6,canal,6,37.20279,-120.76962,5/16/2023,10:44,5/17/2023,15:14,Loach,LCH,114,
Main,3,206R,206RT6,canal,6,37.20279,-120.76962,5/16/2023,10:44,5/17/2023,15:14,Loach,LCH,116,
Main,3,206R,206RT7,canal,7,37.20262,-120.76942,5/16/2023,10:46,5/17/2023,15:18,Loach,LCH,185,
Main,3,206R,206RT7,canal,7,37.20262,-120.76942,5/16/2023,10:46,5/17/2023,15:18,Loach,LCH,119,
Main,3,206R,206RT7,canal,7,37.20262,-120.76942,5/16/2023,10:46,5/17/2023,15:18,Loach,LCH,123,
Main,3,206R,206RT7,canal,7,37.20262,-120.76942,5/16/2023,10:46,5/17/2023,15:18,Loach,LCH,113,
Main,3,206R,206RT7,canal,7,37.20262,-120.76942,5/16/2023,10:46,5/17/2023,15:18,Loach,LCH,118,
Main,3,206R,206RT7,canal,7,37.20262,-120.76942,5/16/2023,10:46,5/17/2023,15:18,Loach,LCH,113,
Main,3,206R,206RT8,canal,8,37.20244,-120.76921,5/16/2023,10:49,5/17/2023,15:28,Loach,LCH,115,
Main,3,206R,206RT8,canal,8,37.20244,-120.76921,5/16/2023,10:49,5/17/2023,15:28,Loach,LCH,90,
Main,3,206R,206RT8,canal,8,37.20244,-120.76921,5/16/2023,10:49,5/17/2023,15:28,Loach,LCH,114,
Main,3,206R,206RT8,canal,8,37.20244,-120.76921,5/16/2023,10:49,5/17/2023,15:28,Loach,LCH,119,
Main,3,206R,206RT8,canal,8,37.20244,-120.76921,5/16/2023,10:49,5/17/2023,15:28,Loach,LCH,111,
Main,3,206R,206RT8,canal,8,37.20244,-120.76921,5/16/2023,10:49,5/17/2023,15:28,Loach,LCH,114,
Main,3,206R,206RT8,canal,8,37.20244,-120.76921,5/16/2023,10:49,5/17/2023,15:28,Loach,LCH,120,
Main,3,206R,206RT8,canal,8,37.20244,-120.76921,5/16/2023,10:49,5/17/2023,15:28,Loach,LCH,108,
Main,3,206R,206RT8,canal,8,37.20244,-120.76921,5/16/2023,10:49,5/17/2023,15:28,Loach,LCH,119,
Main,3,206R,206RT8,canal,8,37.20244,-120.76921,5/16/2023,10:49,5/17/2023,15:28,Loach,LCH,116,
Main,3,206R,206RT8,canal,8,37.20244,-120.76921,5/16/2023,10:49,5/17/2023,15:28,Loach,LCH,125,
Main,3,206R,206RT8,canal,8,37.20244,-120.76921,5/16/2023,10:49,5/17/2023,15:28,Loach,LCH,104,
Main,3,206R,206RT8,canal,8,37.20244,-120.76921,5/16/2023,10:49,5/17/2023,15:28,Loach,LCH,100,
Main,3,206R,206RT9,canal,9,37.20227,-120.769,5/16/2023,10:51,5/17/2023,15:33,Loach,LCH,101,
Main,3,206R,206RT9,canal,9,37.20227,-120.769,5/16/2023,10:51,5/17/2023,15:33,Loach,LCH,113,
Main,3,206R,206RT9,canal,9,37.20227,-120.769,5/16/2023,10:51,5/17/2023,15:33,Loach,LCH,115,
Main,3,206R,206RT9,canal,9,37.20227,-120.769,5/16/2023,10:51,5/17/2023,15:33,Loach,LCH,101,
Main,3,206R,206RT9,canal,9,37.20227,-120.769,5/16/2023,10:51,5/17/2023,15:33,Loach,LCH,120,
Main,3,206R,206RT9,canal,9,37.20227,-120.769,5/16/2023,10:51,5/17/2023,15:33,Loach,LCH,115,
Main,3,206R,206RT9,canal,9,37.20227,-120.769,5/16/2023,10:51,5/17/2023,15:33,Loach,LCH,115,
Main,3,206R,206RT9,canal,9,37.20227,-120.769,5/16/2023,10:51,5/17/2023,15:33,Loach,LCH,114,
Main,3,206R,206RT10,canal,10,37.20206,-120.76883,5/16/2023,10:53,5/17/2023,15:38,Loach,LCH,115,
Main,3,206R,206RT10,canal,10,37.20206,-120.76883,5/16/2023,10:53,5/17/2023,15:38,Loach,LCH,119,
Main,3,206R,206RT10,canal,10,37.20206,-120.76883,5/16/2023,10:53,5/17/2023,15:38,Loach,LCH,114,
Main,3,288R,288RT2,canal,2,37.19324,-120.76407,5/16/2023,11:12,5/17/2023,15:56,Loach,LCH,90,
Main,3,288R,288RT2,canal,2,37.19324,-120.76407,5/16/2023,11:12,5/17/2023,15:56,Loach,LCH,122,
Main,3,288R,288RT2,canal,2,37.19324,-120.76407,5/16/2023,11:12,5/17/2023,15:56,Loach,LCH,125,
Main,3,288R,288RT3,canal,3,37.19297,-120.76417,5/16/2023,11:14,5/17/2023,15:58,Loach,LCH,105,
Main,3,288R,288RT4,canal,4,37.19271,-120.76426,5/16/2023,11:15,5/17/2023,16:03,Loach,LCH,103,
Main,3,288R,288RT6,canal,6,37.19225,-120.7644,5/16/2023,11:21,5/17/2023,16:09,Loach,LCH,134,
Main,3,288R,288RT6,canal,6,37.19225,-120.7644,5/16/2023,11:21,5/17/2023,16:09,Loach,LCH,137,
Main,3,288R,288RT6,canal,6,37.19225,-120.7644,5/16/2023,11:21,5/17/2023,16:09,Loach,LCH,110,
Main,3,288R,288RT7,canal,7,37.19202,-120.76449,5/16/2023,11:24,5/17/2023,16:21,Loach,LCH,108,
Main,3,288R,288RT8,canal,8,37.19181,-120.76457,5/16/2023,11:28,5/17/2023,16:25,Loach,LCH,105,
Main,3,288R,288RT8,canal,8,37.19181,-120.76457,5/16/2023,11:28,5/17/2023,16:25,Loach,LCH,141,
Main,3,288R,288RT8,canal,8,37.19181,-120.76457,5/16/2023,11:28,5/17/2023,16:25,Loach,LCH,135,
Main,3,288R,288RT9,canal,9,37.19159,-120.76463,5/16/2023,11:32,5/17/2023,16:30,Loach,LCH,127,
Main,3,288R,288RT9,canal,9,37.19159,-120.76463,5/16/2023,11:32,5/17/2023,16:30,Loach,LCH,142,
Main,3,288R,288RT9,canal,9,37.19159,-120.76463,5/16/2023,11:32,5/17/2023,16:30,Loach,LCH,129,
Main,3,288R,288RT9,canal,9,37.19159,-120.76463,5/16/2023,11:32,5/17/2023,16:30,Loach,LCH,125,
Main,3,288R,288RT9,canal,9,37.19159,-120.76463,5/16/2023,11:32,5/17/2023,16:30,Loach,LCH,128,
Main,3,288R,288RT9,canal,9,37.19159,-120.76463,5/16/2023,11:32,5/17/2023,16:30,Loach,LCH,129,
Main,3,288R,288RT9,canal,9,37.19159,-120.76463,5/16/2023,11:32,5/17/2023,16:30,Loach,LCH,126,
Main,3,288R,288RT10,canal,10,37.19136,-120.76472,5/16/2023,11:35,5/17/2023,16:35,Loach,LCH,102,
Main,3,288R,288RT10,canal,10,37.19136,-120.76472,5/16/2023,11:35,5/17/2023,16:35,Loach,LCH,130,
Main,3,288R,288RT10,canal,10,37.19136,-120.76472,5/16/2023,11:35,5/17/2023,16:35,Loach,LCH,144,
Main,3,208R,208RT5,canal,5,37.21721,-120.82295,5/16/2023,14:37,5/17/2023,17:46,Loach,LCH,121,
Main,3,208R,208RT6,canal,6,37.21726,-120.8226,5/16/2023,14:40,5/17/2023,17:50,Loach,LCH,125,
Main,3,208R,208RT9,canal,9,37.21772,-120.82179,5/16/2023,14:46,5/17/2023,17:58,Loach,LCH,124,
Main,3,208R,208RT9,canal,9,37.21772,-120.82179,5/16/2023,14:46,5/17/2023,17:58,Loach,LCH,129,
Main,3,208R,208RT10,canal,10,37.21796,-120.82158,5/16/2023,14:48,5/17/2023,18:02,Loach,LCH,139,
Main,3,208R,208RT10,canal,10,37.21796,-120.82158,5/16/2023,14:48,5/17/2023,18:02,Loach,LCH,106,
Main,3,208R,208RT10,canal,10,37.21796,-120.82158,5/16/2023,14:48,5/17/2023,18:02,Loach,LCH,108,
Main,3,299R,299RT1,canal,1,37.22929,-120.81646,5/16/2023,15:14,5/17/2023,18:17,Loach,LCH,133,
Main,3,299R,299RT1,canal,1,37.22929,-120.81646,5/16/2023,15:14,5/17/2023,18:17,Loach,LCH,132,
Main,3,299R,299RT3,canal,3,37.22901,-120.81694,5/16/2023,15:21,5/17/2023,18:24,Loach,LCH,124,
Main,3,299R,299RT3,canal,3,37.22901,-120.81694,5/16/2023,15:21,5/17/2023,18:24,Loach,LCH,142,
Main,3,299R,299RT4,canal,4,37.22887,-120.81718,5/16/2023,15:27,5/17/2023,18:27,Loach,LCH,131,
Main,3,299R,299RT8,canal,8,37.22835,-120.81818,5/16/2023,15:39,5/17/2023,18:38,Loach,LCH,129,
Main,3,299R,299RT8,canal,8,37.22835,-120.81818,5/16/2023,15:39,5/17/2023,18:38,Loach,LCH,115,
Main,3,235R,235RT2,canal,2,37.23005,-120.81085,5/16/2023,15:55,5/17/2023,18:58,Loach,LCH,99,
Main,Extra_1,293R,293RT1,canal,1,37.21973,-120.80076,5/23/2023,8:14,5/24/2023,8:11,Loach,LCH,141,
Main,Extra_1,293R,293RT1,canal,1,37.21973,-120.80076,5/23/2023,8:14,5/24/2023,8:11,Loach,LCH,128,
Main,Extra_1,293R,293RT1,canal,1,37.21973,-120.80076,5/23/2023,8:14,5/24/2023,8:11,Loach,LCH,133,
Main,Extra_1,293R,293RT1,canal,1,37.21973,-120.80076,5/23/2023,8:14,5/24/2023,8:11,Loach,LCH,129,
Main,Extra_1,293R,293RT1,canal,1,37.21973,-120.80076,5/23/2023,8:14,5/24/2023,8:11,Loach,LCH,136,
Main,Extra_1,293R,293RT4,canal,4,37.22005,-120.79999,5/23/2023,8:22,5/24/2023,8:25,Loach,LCH,149,
Main,Extra_1,293R,293RT7,canal,7,37.22039,-120.79921,5/23/2023,8:31,5/24/2023,8:39,Loach,LCH,144,
Main,Extra_1,293R,293RT8,canal,8,37.2205,-120.79892,5/23/2023,8:33,5/24/2023,8:42,Loach,LCH,137,
Main,Extra_1,293R,293RT8,canal,8,37.2205,-120.79892,5/23/2023,8:33,5/24/2023,8:42,Loach,LCH,138,
Main,Extra_1,293R,293RT8,canal,8,37.2205,-120.79892,5/23/2023,8:33,5/24/2023,8:42,Loach,LCH,129,
Main,Extra_1,293R,293RT9,canal,9,37.2206,-120.79866,5/23/2023,8:37,5/24/2023,8:49,Loach,LCH,133,
Main,Extra_1,293R,293RT9,canal,9,37.2206,-120.79866,5/23/2023,8:37,5/24/2023,8:49,Loach,LCH,121,
Main,Extra_1,293R,293RT9,canal,9,37.2206,-120.79866,5/23/2023,8:37,5/24/2023,8:49,Loach,LCH,140,
Main,Extra_1,293R,293RT9,canal,9,37.2206,-120.79866,5/23/2023,8:37,5/24/2023,8:49,Loach,LCH,127,
Main,Extra_1,293R,293RT10,canal,10,37.22071,-120.79839,5/23/2023,8:39,5/24/2023,8:56,Loach,LCH,137,
Main,Extra_1,300R,300RT3,canal,3,37.21766,-120.78974,5/23/2023,9:12,5/24/2023,9:09,Loach,LCH,144,
Main,Extra_1,300R,300RT4,canal,4,37.21748,-120.78953,5/23/2023,9:13,5/24/2023,9:13,Loach,LCH,126,
Main,Extra_1,300R,300RT5,canal,5,37.21731,-120.78933,5/23/2023,9:16,5/24/2023,9:19,Loach,LCH,134,
Main,Extra_1,300R,300RT6,canal,6,37.21712,-120.78912,5/23/2023,9:19,5/24/2023,9:24,Loach,LCH,132,
Main,Extra_1,300R,300RT6,canal,6,37.21712,-120.78912,5/23/2023,9:19,5/24/2023,9:24,Loach,LCH,133,
Main,Extra_1,300R,300RT6,canal,6,37.21712,-120.78912,5/23/2023,9:19,5/24/2023,9:24,Loach,LCH,136,
Main,Extra_1,300R,300RT7,canal,7,37.21693,-120.7889,5/23/2023,9:21,5/24/2023,9:32,Loach,LCH,125,
Main,Extra_1,300R,300RT9,canal,9,37.21656,-120.78848,5/23/2023,9:26,5/24/2023,9:41,Loach,LCH,135,
Main,Extra_1,207R,207RT1,canal,1,37.21508,-120.7887,5/23/2023,10:31,5/24/2023,10:14,Loach,LCH,115,
Main,Extra_1,207R,207RT1,canal,1,37.21508,-120.7887,5/23/2023,10:31,5/24/2023,10:14,Loach,LCH,103,
Main,Extra_1,207R,207RT2,canal,2,37.21307,-120.78957,5/23/2023,10:34,5/24/2023,10:23,Loach,LCH,121,
Main,Extra_1,207R,207RT3,canal,3,37.21329,-120.78952,5/23/2023,10:36,5/24/2023,10:27,Loach,LCH,101,
Main,Extra_1,207R,207RT5,canal,5,37.21376,-120.7894,5/23/2023,10:39,5/24/2023,10:34,Loach,LCH,129,
Main,Extra_1,268R,268RT3,canal,3,37.21528,-120.78676,5/23/2023,11:08,5/24/2023,11:35,Loach,LCH,156,
Main,Extra_1,291R,291RT1,canal,1,37.21183,-120.78368,5/23/2023,12:25,5/24/2023,12:26,Loach,LCH,142,
Main,Extra_1,291R,291RT1,canal,1,37.21183,-120.78368,5/23/2023,12:25,5/24/2023,12:26,Loach,LCH,136,
Main,Extra_1,291R,291RT1,canal,1,37.21183,-120.78368,5/23/2023,12:25,5/24/2023,12:26,Loach,LCH,136,
Main,Extra_1,291R,291RT1,canal,1,37.21183,-120.78368,5/23/2023,12:25,5/24/2023,12:26,Loach,LCH,130,
Main,Extra_1,291R,291RT2,canal,2,37.21164,-120.78352,5/23/2023,12:29,5/24/2023,12:32,Loach,LCH,140,
Main,Extra_1,291R,291RT6,canal,6,37.21087,-120.78281,5/23/2023,12:45,5/24/2023,12:56,Loach,LCH,130,
Main,Extra_1,226R,226RT1,canal,1,37.2036,-120.77053,5/23/2023,13:14,5/24/2023,13:27,Loach,LCH,120,
Main,Extra_1,226R,226RT1,canal,1,37.2036,-120.77053,5/23/2023,13:14,5/24/2023,13:27,Loach,LCH,124,
Main,Extra_1,226R,226RT2,canal,2,37.20342,-120.77032,5/23/2023,13:17,5/24/2023,13:33,Loach,LCH,134,
Main,Extra_1,226R,226RT2,canal,2,37.20342,-120.77032,5/23/2023,13:17,5/24/2023,13:33,Loach,LCH,120,
Main,Extra_1,226R,226RT2,canal,2,37.20342,-120.77032,5/23/2023,13:17,5/24/2023,13:33,Loach,LCH,131,
Main,Extra_1,226R,226RT3,canal,3,37.20327,-120.77016,5/23/2023,13:21,5/24/2023,13:42,Loach,LCH,124,
Main,Extra_1,225R,225RT4,canal,4,37.19759,-120.76786,5/23/2023,15:06,5/24/2023,15:06,Loach,LCH,135,
Main,Extra_1,225R,225RT4,canal,4,37.19759,-120.76786,5/23/2023,15:06,5/24/2023,15:06,Loach,LCH,134,
Main,Extra_1,225R,225RT7,canal,7,37.19706,-120.7673,5/23/2023,15:16,5/24/2023,15:26,Loach,LCH,132,
Main,Extra_1,225R,225RT10,canal,10,37.19651,-120.76672,5/23/2023,15:24,5/24/2023,15:37,Loach,LCH,132,
Main,Extra_1,209R,209RT2,canal,2,37.19313,-120.76411,5/23/2023,15:43,5/24/2023,15:53,Loach,LCH,101,
Main,Extra_1,209R,209RT5,canal,5,37.19243,-120.76436,5/23/2023,15:53,5/24/2023,16:09,Loach,LCH,125,
Main,Extra_1,209R,209RT9,canal,9,37.19152,-120.76463,5/23/2023,16:06,5/24/2023,16:25,Loach,LCH,NA,not measured
Main,Extra_1,285R,285RT6,canal,6,37.21403,-120.78931,5/24/2023,11:16,5/25/2023,11:39,Loach,LCH,131,
Main,Extra_1,285R,285RT9,canal,9,37.21471,-120.78898,5/24/2023,11:22,5/25/2023,11:47,Loach,LCH,111,
Main,Extra_1,285R,285RT10,canal,10,37.2149,-120.78885,5/24/2023,11:24,5/25/2023,11:55,Loach,LCH,122,
Main,Extra_1,215R,215RT3,canal,3,37.1912,-120.76474,5/24/2023,16:52,5/25/2023,16:49,Loach,LCH,126,
Main,Extra_1,215R,215RT3,canal,3,37.1912,-120.76474,5/24/2023,16:52,5/25/2023,16:49,Loach,LCH,115,
Main,Extra_1,215R,215RT3,canal,3,37.1912,-120.76474,5/24/2023,16:52,5/25/2023,16:49,Loach,LCH,115,
Main,Extra_1,215R,215RT6,canal,6,37.19053,-120.76499,5/24/2023,17:01,5/25/2023,17:06,Loach,LCH,109,
Main,Extra_1,215R,215RT6,canal,6,37.19053,-120.76499,5/24/2023,17:01,5/25/2023,17:06,Loach,LCH,110,
Main,Extra_1,215R,215RT6,canal,6,37.19053,-120.76499,5/24/2023,17:01,5/25/2023,17:06,Loach,LCH,123,
Main,Extra_1,215R,215RT6,canal,6,37.19053,-120.76499,5/24/2023,17:01,5/25/2023,17:06,Loach,LCH,117,
Main,Extra_1,215R,215RT6,canal,6,37.19053,-120.76499,5/24/2023,17:01,5/25/2023,17:06,Loach,LCH,107,
Main,Extra_1,215R,215RT7,canal,7,37.1903,-120.76505,5/24/2023,17:03,5/25/2023,17:15,Loach,LCH,107,
Main,Extra_1,215R,215RT7,canal,7,37.1903,-120.76505,5/24/2023,17:03,5/25/2023,17:15,Loach,LCH,162,
Main,Extra_1,215R,215RT9,canal,9,37.18984,-120.76528,5/24/2023,17:09,5/25/2023,17:30,Loach,LCH,100,
Main,Extra_1,215R,215RT9,canal,9,37.18984,-120.76528,5/24/2023,17:09,5/25/2023,17:30,Loach,LCH,94,
Main,Extra_1,215R,215RT9,canal,9,37.18984,-120.76528,5/24/2023,17:09,5/25/2023,17:30,Loach,LCH,119,
Main,Extra_1,215R,215RT9,canal,9,37.18984,-120.76528,5/24/2023,17:09,5/25/2023,17:30,Loach,LCH,119,
Main,Extra_1,215R,215RT9,canal,9,37.18984,-120.76528,5/24/2023,17:09,5/25/2023,17:30,Loach,LCH,137,
Main,Extra_1,215R,215RT9,canal,9,37.18984,-120.76528,5/24/2023,17:09,5/25/2023,17:30,Loach,LCH,114,
Main,Extra_1,215R,215RT9,canal,9,37.18984,-120.76528,5/24/2023,17:09,5/25/2023,17:30,Loach,LCH,118,
Main,Extra_1,297R,297RT9,canal,9,37.18591,-120.76804,5/24/2023,17:49,5/25/2023,18:20,Loach,LCH,131,
Main,Extra_1,244R,244RT2,canal,2,37.21915,-120.80314,5/25/2023,8:26,5/26/2023,8:52,Loach,LCH,137,
Main,Extra_1,244R,244RT4,canal,4,37.21902,-120.8026,5/25/2023,8:31,5/26/2023,9:00,Loach,LCH,132,
Main,Extra_1,230R,230RT2,canal,2,37.22985,-120.81532,5/25/2023,9:17,5/26/2023,9:27,Loach,LCH,132,
Main,Extra_1,230R,230RT7,canal,7,37.23052,-120.81406,5/25/2023,9:28,5/26/2023,9:46,Loach,LCH,145,
Main,Extra_1,230R,230RT7,canal,7,37.23052,-120.81406,5/25/2023,9:28,5/26/2023,9:46,Loach,LCH,145,
Main,Extra_1,230R,230RT8,canal,8,37.23065,-120.81384,5/25/2023,9:29,5/26/2023,9:47,Loach,LCH,149,
Main,Extra_1,230R,230RT9,canal,9,37.23078,-120.8136,5/25/2023,9:32,5/26/2023,9:56,Loach,LCH,128,
Main,Extra_1,230R,230RT10,canal,10,37.23092,-120.81339,5/25/2023,9:33,5/26/2023,10:00,Loach,LCH,131,
Main,Extra_1,230R,230RT10,canal,10,37.23092,-120.81339,5/25/2023,9:33,5/26/2023,10:00,Loach,LCH,150,
Main,Extra_1,230R,230RT10,canal,10,37.23092,-120.81339,5/25/2023,9:33,5/26/2023,10:00,Loach,LCH,155,
Main,Extra_1,228R,228RT3,canal,3,37.22465,-120.82503,5/25/2023,10:35,5/26/2023,10:24,Loach,LCH,127,
Main,Extra_1,228R,228RT4,canal,4,37.22452,-120.82528,5/25/2023,10:39,5/26/2023,10:29,Loach,LCH,133,
Main,Extra_1,228R,228RT6,canal,6,37.22425,-120.82578,5/25/2023,10:42,5/26/2023,10:34,Loach,LCH,146,
Main,Extra_1,228R,228RT6,canal,6,37.22425,-120.82578,5/25/2023,10:42,5/26/2023,10:34,Loach,LCH,124,
Main,Extra_1,228R,228RT6,canal,6,37.22425,-120.82578,5/25/2023,10:42,5/26/2023,10:34,Loach,LCH,147,
Main,Extra_1,228R,228RT6,canal,6,37.22425,-120.82578,5/25/2023,10:42,5/26/2023,10:34,Loach,LCH,134,
Main,Extra_1,228R,228RT6,canal,6,37.22425,-120.82578,5/25/2023,10:42,5/26/2023,10:34,Loach,LCH,145,
Main,Extra_1,228R,228RT8,canal,8,37.22398,-120.82627,5/25/2023,10:45,5/26/2023,10:49,Loach,LCH,128,
Main,Extra_1,228R,228RT9,canal,9,37.22384,-120.82651,5/25/2023,10:47,5/26/2023,10:53,Loach,LCH,137,
Main,Extra_1,250R,250RT1,canal,1,37.25693,-120.82891,5/25/2023,12:22,5/26/2023,12:26,Loach,LCH,146,
Main,Extra_1,250R,250RT4,canal,4,37.25645,-120.82822,5/25/2023,12:30,5/26/2023,12:42,Loach,LCH,147,
Main,Extra_1,250R,250RT7,canal,7,37.25559,-120.82759,5/25/2023,12:38,5/26/2023,13:00,Loach,LCH,130,
Main,Extra_1,250R,250RT8,canal,8,37.25581,-120.82739,5/25/2023,12:42,5/26/2023,13:08,Loach,LCH,133,
Main,Extra_1,250R,250RT9,canal,9,37.25565,-120.82716,5/25/2023,12:47,5/26/2023,13:13,Loach,LCH,141,
Main,Extra_1,241R,241RT2,canal,2,37.24936,-120.82345,5/25/2023,13:49,5/26/2023,13:44,Loach,LCH,143,
Main,Extra_1,241R,241RT9,canal,9,37.24773,-120.82332,5/25/2023,14:07,5/26/2023,14:07,Loach,LCH,139,
Main,Extra_2,253R,253RT8,canal,8,37.26426,-120.84246,5/30/2023,11:21,5/31/2023,11:07,Loach,LCH,150,
Main,Extra_2,253R,253RT8,canal,8,37.26426,-120.84246,5/30/2023,11:21,5/31/2023,11:07,Loach,LCH,130,
Main,Extra_2,236R,236RT3,canal,3,37.25478,-120.82596,5/30/2023,12:16,5/31/2023,12:20,Loach,LCH,144,
Main,Extra_2,236R,236RT4,canal,4,37.2546,-120.82574,5/30/2023,12:17,5/31/2023,12:22,Loach,LCH,137,
Main,Extra_2,236R,236RT5,canal,5,37.25445,-120.82553,5/30/2023,12:17,5/31/2023,12:26,Loach,LCH,148,
Main,Extra_2,236R,236RT5,canal,5,37.25445,-120.82553,5/30/2023,12:17,5/31/2023,12:26,Loach,LCH,146,
Main,Extra_2,236R,236RT5,canal,5,37.25445,-120.82553,5/30/2023,12:17,5/31/2023,12:26,Loach,LCH,134,
Main,Extra_2,236R,236RT5,canal,5,37.25445,-120.82553,5/30/2023,12:17,5/31/2023,12:26,Loach,LCH,161,
Main,Extra_2,236R,236RT5,canal,5,37.25445,-120.82553,5/30/2023,12:17,5/31/2023,12:26,Loach,LCH,137,
Main,Extra_2,236R,236RT9,canal,9,37.25382,-120.82464,5/30/2023,12:22,5/31/2023,12:50,Loach,LCH,136,
Main,Extra_2,236R,236RT10,canal,10,37.25367,-120.82445,5/30/2023,12:23,5/31/2023,12:54,Loach,LCH,149,
Main,Extra_2,236R,236RT10,canal,10,37.25367,-120.82445,5/30/2023,12:23,5/31/2023,12:54,Loach,LCH,147,
Main,Extra_2,236R,236RT10,canal,10,37.25367,-120.82445,5/30/2023,12:23,5/31/2023,12:54,Loach,LCH,139,
Main,Extra_2,239R,239RT3,canal,3,37.25208,-120.82227,5/30/2023,12:46,5/31/2023,13:30,Loach,LCH,131,
Main,Extra_2,239R,239RT5,canal,5,37.25162,-120.82208,5/30/2023,12:48,5/31/2023,13:39,Loach,LCH,145,
Main,Extra_2,254R,254RT3,canal,3,37.2173,-120.78927,5/30/2023,13:47,5/31/2023,14:15,Loach,LCH,155,
Main,Extra_2,254R,254RT3,canal,3,37.2173,-120.78927,5/30/2023,13:47,5/31/2023,14:15,Loach,LCH,153,
Main,Extra_2,254R,254RT4,canal,4,37.21713,-120.78907,5/30/2023,13:49,5/31/2023,14:20,Loach,LCH,149,
Main,Extra_2,254R,254RT4,canal,4,37.21713,-120.78907,5/30/2023,13:49,5/31/2023,14:20,Loach,LCH,149,
Main,Extra_2,254R,254RT4,canal,4,37.21713,-120.78907,5/30/2023,13:49,5/31/2023,14:20,Loach,LCH,130,
Main,Extra_2,254R,254RT7,canal,7,37.21661,-120.78848,5/30/2023,13:52,5/31/2023,14:31,Loach,LCH,154,
Main,Extra_2,254R,254RT9,canal,9,37.21626,-120.78809,5/30/2023,13:55,5/31/2023,14:36,Loach,LCH,140,
Main,Extra_2,212R,212RT6,canal,6,37.18603,-120.76782,5/30/2023,14:39,5/31/2023,15:08,Loach,LCH,127,
Main,Extra_2,212R,212RT9,canal,9,37.18562,-120.76854,5/30/2023,14:46,5/31/2023,15:18,Loach,LCH,111,
Main,Extra_2,212R,212RT9,canal,9,37.18562,-120.76854,5/30/2023,14:46,5/31/2023,15:18,Loach,LCH,127,
Main,Extra_2,283R,283RT1,canal,1,37.21448,-120.81025,5/31/2023,7:59,6/1/2023,8:04,Loach,LCH,148,
Main,Extra_2,283R,283RT5,canal,5,37.21519,-120.80957,5/31/2023,8:05,6/1/2023,8:13,Loach,LCH,132,
Main,Extra_2,283R,283RT5,canal,5,37.21519,-120.80957,5/31/2023,8:05,6/1/2023,8:13,Loach,LCH,157,
Main,Extra_2,279R,279RT3,canal,3,37.2427,-120.82246,5/31/2023,8:51,6/1/2023,8:46,Loach,LCH,144,
Main,Extra_2,279R,279RT6,canal,6,37.242,-120.82227,5/31/2023,8:55,6/1/2023,8:54,Loach,LCH,138,
Main,Extra_2,279R,279RT6,canal,6,37.242,-120.82227,5/31/2023,8:55,6/1/2023,8:54,Loach,LCH,144,
Main,Extra_2,279R,279RT6,canal,6,37.242,-120.82227,5/31/2023,8:55,6/1/2023,8:54,Loach,LCH,161,
Main,Extra_2,279R,279RT7,canal,7,37.24177,-120.8222,5/31/2023,8:56,6/1/2023,8:57,Loach,LCH,152,
Main,Extra_2,227R,227RT1,canal,1,37.23361,-120.81599,5/31/2023,9:56,6/1/2023,9:56,Loach,LCH,144,
Main,Extra_2,227R,227RT3,canal,3,37.23333,-120.81551,5/31/2023,10:00,6/1/2023,10:00,Loach,LCH,133,
Main,Extra_2,227R,227RT7,canal,7,37.23288,-120.81446,5/31/2023,10:05,6/1/2023,10:12,Loach,LCH,143,
Main,Extra_2,227R,227RT7,canal,7,37.23288,-120.81446,5/31/2023,10:05,6/1/2023,10:12,Loach,LCH,159,
Main,Extra_2,227R,227RT7,canal,7,37.23288,-120.81446,5/31/2023,10:05,6/1/2023,10:12,Loach,LCH,161,
Main,Extra_2,278R,278RT1,canal,1,37.25376,-120.82452,5/31/2023,13:11,6/1/2023,13:11,Loach,LCH,141,
Main,Extra_2,278R,278RT1,canal,1,37.25376,-120.82452,5/31/2023,13:11,6/1/2023,13:11,Loach,LCH,143,
Main,Extra_2,278R,278RT1,canal,1,37.25376,-120.82452,5/31/2023,13:11,6/1/2023,13:11,Loach,LCH,133,
Main,Extra_2,278R,278RT1,canal,1,37.25376,-120.82452,5/31/2023,13:11,6/1/2023,13:11,Loach,LCH,141,
Main,Extra_2,278R,278RT2,canal,2,37.25356,-120.82436,5/31/2023,13:12,6/1/2023,13:15,Loach,LCH,150,
Main,Extra_2,278R,278RT2,canal,2,37.25356,-120.82436,5/31/2023,13:12,6/1/2023,13:15,Loach,LCH,144,
Main,Extra_2,278R,278RT2,canal,2,37.25356,-120.82436,5/31/2023,13:12,6/1/2023,13:15,Loach,LCH,152,
Main,Extra_2,278R,278RT2,canal,2,37.25356,-120.82436,5/31/2023,13:12,6/1/2023,13:15,Loach,LCH,160,
Main,Extra_2,278R,278RT3,canal,3,37.25338,-120.82416,5/31/2023,13:13,6/1/2023,13:20,Loach,LCH,142,
Main,Extra_2,278R,278RT3,canal,3,37.25338,-120.82416,5/31/2023,13:13,6/1/2023,13:20,Loach,LCH,147,
Main,Extra_2,278R,278RT4,canal,4,37.25322,-120.82392,5/31/2023,13:14,6/1/2023,13:38,Loach,LCH,141,
Main,Extra_2,278R,278RT4,canal,4,37.25322,-120.82392,5/31/2023,13:14,6/1/2023,13:38,Loach,LCH,138,
Main,Extra_2,278R,278RT4,canal,4,37.25322,-120.82392,5/31/2023,13:14,6/1/2023,13:38,Loach,LCH,143,
Main,Extra_2,278R,278RT5,canal,5,37.25307,-120.8237,5/31/2023,13:15,6/1/2023,13:47,Loach,LCH,162,
Main,Extra_2,278R,278RT5,canal,5,37.25307,-120.8237,5/31/2023,13:15,6/1/2023,13:47,Loach,LCH,137,
Main,Extra_2,278R,278RT6,canal,6,37.25292,-120.82346,5/31/2023,13:16,6/1/2023,13:54,Loach,LCH,150,
Main,Extra_2,278R,278RT6,canal,6,37.25292,-120.82346,5/31/2023,13:16,6/1/2023,13:54,Loach,LCH,150,
Main,Extra_2,278R,278RT6,canal,6,37.25292,-120.82346,5/31/2023,13:16,6/1/2023,13:54,Loach,LCH,147,
Main,Extra_2,278R,278RT7,canal,7,37.25276,-120.82326,5/31/2023,13:17,6/1/2023,14:03,Loach,LCH,136,
Main,Extra_2,278R,278RT7,canal,7,37.25276,-120.82326,5/31/2023,13:17,6/1/2023,14:03,Loach,LCH,156,
Main,Extra_2,278R,278RT8,canal,8,37.25264,-120.823,5/31/2023,13:19,6/1/2023,14:14,Loach,LCH,146,
Main,Extra_2,278R,278RT9,canal,9,37.25251,-120.82273,5/31/2023,13:19,6/1/2023,14:19,Loach,LCH,135,
Main,Extra_2,278R,278RT9,canal,9,37.25251,-120.82273,5/31/2023,13:19,6/1/2023,14:19,Loach,LCH,142,
Main,Extra_2,278R,278RT9,canal,9,37.25251,-120.82273,5/31/2023,13:19,6/1/2023,14:19,Loach,LCH,142,
Main,Extra_2,278R,278RT9,canal,9,37.25251,-120.82273,5/31/2023,13:19,6/1/2023,14:19,Loach,LCH,132,
Main,Extra_2,278R,278RT10,canal,10,37.25235,-120.82251,5/31/2023,13:23,6/1/2023,14:25,Loach,LCH,153,
Main,Extra_2,278R,278RT10,canal,10,37.25235,-120.82251,5/31/2023,13:23,6/1/2023,14:25,Loach,LCH,137,
Main,Extra_2,278R,278RT10,canal,10,37.25235,-120.82251,5/31/2023,13:23,6/1/2023,14:25,Loach,LCH,144,
Main,Extra_2,223R,223RT1,canal,1,37.22514,-120.80455,5/31/2023,15:54,6/1/2023,15:55,Loach,LCH,142,
Main,Extra_2,223R,223RT2,canal,2,37.22499,-120.80431,5/31/2023,15:56,6/1/2023,15:56,Loach,LCH,135,
Main,Extra_2,219R,219RT5,canal,5,37.2302,-120.81469,6/1/2023,7:48,6/2/2023,7:49,Loach,LCH,144,
Main,Extra_2,219R,219RT7,canal,7,37.23048,-120.81419,6/1/2023,7:52,6/2/2023,7:53,Loach,LCH,144,
Main,Extra_2,219R,219RT9,canal,9,37.23074,-120.8137,6/1/2023,7:55,6/2/2023,8:00,Loach,LCH,135,
Main,Extra_2,214R,214RT10,canal,10,37.23642,-120.81768,6/1/2023,9:46,6/2/2023,10:11,Loach,LCH,69,
Main,Extra_2,234R,234RT4,canal,4,37.26347,-120.83786,6/1/2023,10:53,6/2/2023,10:57,Loach,LCH,80,
Main,Extra_2,234R,234RT9,canal,9,37.26345,-120.8364,6/1/2023,10:59,6/2/2023,11:17,Loach,LCH,147,
Main,Extra_2,264R,264RT9,canal,9,37.2243,-120.80214,6/1/2023,11:41,6/2/2023,11:55,Loach,LCH,128,
